----------------V7.0.0---------------------
/*
--CENTRO DE SOLUCIONES DE GESTIÓN		----
--Departamento de tecnología			----
--2014										----
--SCRIPT de INSTALACION de DATOS INICIALES 	----
--										----
*/
----------------------------------------
------------------------------------------------------------------------------------------------
/*
--Reglas de confidencialidad																----
--Clasificación: Clasificado.																----
--Forma de distribución: Script SQL.														----
--Este documento contiene información propietaria del CENTRO DE SOLUCIONES DE GESTIÓN 		----
--y es emitido confidencialmente para un propósito específico. 								----
--El que recibe el documento asume la custodia y control, comprometiéndose a no reproducir, ----
--divulgar, difundir o de cualquier manera hacer de conocimiento público su contenido, 		----
--excepto para cumplir el propósito para el cual se ha generado.							----
--Las reglas son aplicables a todo este documento.											----
*/																							
------------------------------------------------------------------------------------------------

--comienza la tranzaccion--
begin;
-- Propiedades de la BD       
	SET client_encoding = 'UTF8';
	SET standard_conforming_strings = off;
	SET check_function_bodies = false;
	SET client_min_messages = warning;
	SET escape_string_warning = off;

	
INSERT INTO mod_datosmaestros.conf_version ( versionscript,  versionscriptinicial,  esquema,  esquemarelacion,  tiposcript,  classcript,  script) 
VALUES ('V7.0.0', 'V7.0.0','mod_estructuracomp',null,'I','D','I');
---------------------------------------------------------------------------------------------------------------------------
--Datos del esquema mod_estructuracomp
---------------------------------------------------------------------------------------------------------------------------	
SET search_path = mod_estructuracomp, pg_catalog;

----------------------------------------
INSERT INTO nom_nomencladoreavestruc (idnomeav, nombre, fechaini, fechafin, root, concepto, externa) VALUES (1, 'Nivel 1', '2009-01-01', '3000-08-05', B'1', 0, 2);
INSERT INTO nom_nomencladoreavestruc (idnomeav, nombre, fechaini, fechafin, root, concepto, externa) VALUES (3, 'Entidad', '2009-01-01', '3000-05-08', B'0', 0, 2);
INSERT INTO nom_nomencladoreavestruc (idnomeav, nombre, fechaini, fechafin, root, concepto, externa) VALUES (6, 'Unidad', '2009-01-01', '3000-05-08', B'0', 1, 2);
INSERT INTO nom_nomencladoreavestruc (idnomeav, nombre, fechaini, fechafin, root, concepto, externa) VALUES (7, 'Área', '2009-01-01', '3000-05-08', B'1', 0, 1);
INSERT INTO nom_nomencladoreavestruc (idnomeav, nombre, fechaini, fechafin, root, concepto, externa) VALUES (8, 'Estructura no Formal', '2009-01-01', '3000-05-08', B'1', 0, 1);
INSERT INTO nom_nomencladoreavestruc (idnomeav, nombre, fechaini, fechafin, root, concepto, externa) VALUES (2, 'Agrupación', '2009-01-01', '3000-05-08', B'1', 0, 2);
----------------------------------------
INSERT INTO nom_campoestruc (idcampo, idnomeav, nombre, tipo, longitud, nombre_mostrar, regex, descripcion, tipocampo, visible) VALUES (46,7,'nombre','text',20,'Nombre común',NULL,'campo para poner el nombre común del área.','textfield', 1);
INSERT INTO nom_campoestruc (idcampo, idnomeav, nombre, tipo, longitud, nombre_mostrar, regex, descripcion, tipocampo, visible) VALUES (56,6,'nombre','text',50,'Nombre común',NULL,'nombre comun por el cual se conoce la unidad.','textfield',1);
INSERT INTO nom_campoestruc (idcampo, idnomeav, nombre, tipo, longitud, nombre_mostrar, regex, descripcion, tipocampo, visible) VALUES (57,2,'Categoria','text',5,'Categoría',NULL,'categoría de la agrupación','combo',1);
INSERT INTO nom_campoestruc (idcampo, idnomeav, nombre, tipo, longitud, nombre_mostrar, regex, descripcion, tipocampo, visible) VALUES (60,6,'Telefpizarra','integer',20,'Telef pizarra','/^-?\\d*$/','Teléfono de la pizarra','textfield',1);
INSERT INTO nom_campoestruc (idcampo, idnomeav, nombre, tipo, longitud, nombre_mostrar, regex, descripcion, tipocampo, visible) VALUES (61,6,'FAX','integer',20,'Fax','/^-?\\d*$/','fax de la unidad','textfield',1);
INSERT INTO nom_campoestruc (idcampo, idnomeav, nombre, tipo, longitud, nombre_mostrar, regex, descripcion, tipocampo, visible) VALUES (62,6,'Codigoa','integer',20,'Código interno','/^-?\\d*$/','código interno de la unidad.','textfield',1);
INSERT INTO nom_campoestruc (idcampo, idnomeav, nombre, tipo, longitud, nombre_mostrar, regex, descripcion, tipocampo, visible) VALUES (64,6,'localidad','text',20,'Localidad',NULL,'localidad a la cual pertenece la unidad.','textfield', 1);
INSERT INTO nom_campoestruc (idcampo, idnomeav, nombre, tipo, longitud, nombre_mostrar, regex, descripcion, tipocampo, visible) VALUES (65,6,'Domicilio','text',100,'Domicilio',NULL,'direccion exacta de la unidad','textfield', 1);
INSERT INTO nom_campoestruc (idcampo, idnomeav, nombre, tipo, longitud, nombre_mostrar, regex, descripcion, tipocampo, visible) VALUES (67,3,'nombre','text',50,'Nombre común','','este es el nombre común de la entidad','textfield', 1);
INSERT INTO nom_campoestruc (idcampo, idnomeav, nombre, tipo, longitud, nombre_mostrar, regex, descripcion, tipocampo, visible) VALUES (68,3,'categoria','text',6,'Categoría',NULL,'categoría de las e ntidades','combo',1);
INSERT INTO nom_campoestruc (idcampo, idnomeav, nombre, tipo, longitud, nombre_mostrar, regex, descripcion, tipocampo, visible) VALUES (69,3,'codigoInterno','integer',8,'Código interno','/^-?\\d*$/','codigo interno de la entidad','textfield', 1);
INSERT INTO nom_campoestruc (idcampo, idnomeav, nombre, tipo, longitud, nombre_mostrar, regex, descripcion, tipocampo, visible) VALUES (71,3,'registrocomercial','integer',20,'Registro comercial.','/^-?\\d*$/','registo comercial de la entidad','textfield', 1);
INSERT INTO nom_campoestruc (idcampo, idnomeav, nombre, tipo, longitud, nombre_mostrar, regex, descripcion, tipocampo, visible) VALUES (72,3,'registromercantil','integer',20,'Registro mercantil','/^-?\\d*$/','registro mercantil de la entidad.','textfield',1);
INSERT INTO nom_campoestruc (idcampo, idnomeav, nombre, tipo, longitud, nombre_mostrar, regex, descripcion, tipocampo, visible) VALUES (73,3,'registroonat','integer',20,'Registro ONAT','/^-?\\d*$/','codigo que asigna la oficina de la ONAT a las entidades','textfield',1);
INSERT INTO nom_campoestruc (idcampo, idnomeav, nombre, tipo, longitud, nombre_mostrar, regex, descripcion, tipocampo, visible) VALUES (74,3,'actividadeconomica','text',30,'Actividad económica',NULL,'Actividad económica de las entidades que puede ser (Empresarial o Presupuestada).','combo',1);
INSERT INTO nom_campoestruc (idcampo, idnomeav, nombre, tipo, longitud, nombre_mostrar, regex, descripcion, tipocampo, visible) VALUES (75,3,'perfeccionamiento','text',5,'Perfeccionamiento empresarial',NULL,'dice si la empresa esta en Perfeccionamiento empresarial (Si o No).','combo', 1);
INSERT INTO nom_campoestruc (idcampo, idnomeav, nombre, tipo, longitud, nombre_mostrar, regex, descripcion, tipocampo, visible)VALUES  (76,3,'pagoadicional','text',5,'Aplicación del  pago adicional',NULL,'Aplicación del  pago adicional del perfeccionamiento (Si o No).','combo', 1);
INSERT INTO nom_campoestruc (idcampo, idnomeav, nombre, tipo, longitud, nombre_mostrar, regex, descripcion, tipocampo, visible)VALUES  (77,6,'telefdir','integer',10,'Teléfono dirección','/^-?\\d*$/','Teléfono direccion','textfield', 1);
INSERT INTO nom_campoestruc (idcampo, idnomeav, nombre, tipo, longitud, nombre_mostrar, regex, descripcion, tipocampo, visible)VALUES  (78,6,'email','correo',250,'E-mail','/^([a-zA-Z0-9_.-])+@(([a-zA-Z0-9-])+.)+([a-zA-Z0-9]{2,4})+$/','correo de la unidad','textfield', 1);
INSERT INTO nom_campoestruc (idcampo, idnomeav, nombre, tipo, longitud, nombre_mostrar, regex, descripcion, tipocampo, visible)VALUES  (79,7,'codigoi','integer',10,'Código interno','/^-?\\d*$/','código interno de la unidad','textfield', 1);
----------------------------------------
----------------------------------------
INSERT INTO nom_valor_defecto (idvalordefecto, valorid, valor, idcampo, version) VALUES (66,'I','I',68,0);
INSERT INTO nom_valor_defecto (idvalordefecto, valorid, valor, idcampo, version) VALUES (67,'II','II',68,0);
INSERT INTO nom_valor_defecto (idvalordefecto, valorid, valor, idcampo, version) VALUES (68,'III','III',68,0);
INSERT INTO nom_valor_defecto (idvalordefecto, valorid, valor, idcampo, version) VALUES (69,'IV','IV',68,0);
INSERT INTO nom_valor_defecto (idvalordefecto, valorid, valor, idcampo, version) VALUES (70,'V','V',68,0);
INSERT INTO nom_valor_defecto (idvalordefecto, valorid, valor, idcampo, version) VALUES (96,'Empresarial','Empresarial',74,0);
INSERT INTO nom_valor_defecto (idvalordefecto, valorid, valor, idcampo, version) VALUES (97,'Presupuestada','Presupuestada',74,0);
INSERT INTO nom_valor_defecto (idvalordefecto, valorid, valor, idcampo, version) VALUES (106,'Si','Si',76,0);
INSERT INTO nom_valor_defecto (idvalordefecto, valorid, valor, idcampo, version) VALUES (107,'No','No',76,0);
INSERT INTO nom_valor_defecto (idvalordefecto, valorid, valor, idcampo, version) VALUES (108,'I','I',57,0);
INSERT INTO nom_valor_defecto (idvalordefecto, valorid, valor, idcampo, version) VALUES (109,'II','II',57,0);
INSERT INTO nom_valor_defecto (idvalordefecto, valorid, valor, idcampo, version) VALUES (110,'III','III',57,0);
INSERT INTO nom_valor_defecto (idvalordefecto, valorid, valor, idcampo, version) VALUES (111,'IV','IV',57,0);
INSERT INTO nom_valor_defecto (idvalordefecto, valorid, valor, idcampo, version) VALUES (112,'V','V',57,0);
INSERT INTO nom_valor_defecto (idvalordefecto, valorid, valor, idcampo, version) VALUES (113,'Si','Si',75,0);
INSERT INTO nom_valor_defecto (idvalordefecto, valorid, valor, idcampo, version) VALUES (114,'No','No',75,0);
----------------------------------------
INSERT INTO nom_aristaeav (idorigen, iddestino) VALUES (1, 2);
INSERT INTO nom_aristaeav (idorigen, iddestino) VALUES (1, 3);
INSERT INTO nom_aristaeav (idorigen, iddestino) VALUES (1, 6);
INSERT INTO nom_aristaeav (idorigen, iddestino) VALUES (3, 6);
INSERT INTO nom_aristaeav (idorigen, iddestino) VALUES (6, 7);
INSERT INTO nom_aristaeav (idorigen, iddestino) VALUES (7, 7);
INSERT INTO nom_aristaeav (idorigen, iddestino) VALUES (7, 8);
INSERT INTO nom_aristaeav (idorigen, iddestino) VALUES (8, 8);
INSERT INTO nom_aristaeav (idorigen, iddestino) VALUES (2, 3);
INSERT INTO nom_aristaeav (idorigen, iddestino) VALUES (3, 8);
INSERT INTO nom_aristaeav (idorigen, iddestino) VALUES (3, 7);
INSERT INTO nom_aristaeav (idorigen, iddestino) VALUES (1, 7);
INSERT INTO nom_aristaeav (idorigen, iddestino) VALUES (2, 7);
----------------------------------------
INSERT INTO nom_dominio (iddominio, denominacion, dominio, dominiostring, descripcion, seguridad, idpadre) VALUES (1, 'Dominio de instalación', NULL, '100000001', '', 1, 1);
----------------------------------------
INSERT INTO nom_prefijo (idprefijo, prefijo, desclugar, fechaini, fechafin, orden) VALUES (1000, 'Ninguno', 'Descripción de ninguno', '2009-01-01', NULL, 1);
----------------------------------------
INSERT INTO nom_nivelestr (idnivelestr, abrevnivelestr, dennivelestr, orden, fechaini, fechafin) VALUES (1001, 'N2', 'Nivel 2', 6, '2009-01-01', '2300-12-30');
INSERT INTO nom_nivelestr (idnivelestr, abrevnivelestr, dennivelestr, orden, fechaini, fechafin) VALUES (1002, 'N3', 'Nivel 3', 7, '2009-01-01', '2300-12-30');
INSERT INTO nom_nivelestr (idnivelestr, abrevnivelestr, dennivelestr, orden, fechaini, fechafin) VALUES (1003, 'N4', 'Nivel 4', 8, '2009-01-01', '2300-12-30');
INSERT INTO nom_nivelestr (idnivelestr, abrevnivelestr, dennivelestr, orden, fechaini, fechafin) VALUES (1000, 'N1', 'Nivel 1', 5, '2009-01-01', '2300-12-30');
INSERT INTO nom_nivelestr (idnivelestr, abrevnivelestr, dennivelestr, orden, fechaini, fechafin) VALUES (1004, 'N5', 'Nivel 5', 9, '2009-01-01', '2300-12-30');
INSERT INTO nom_nivelestr (idnivelestr, abrevnivelestr, dennivelestr, orden, fechaini, fechafin) VALUES (1005, 'N6', 'Nivel 6', 10, '2009-01-01', '2300-12-30');
INSERT INTO nom_nivelestr (idnivelestr, abrevnivelestr, dennivelestr, orden, fechaini, fechafin) VALUES (1006, 'N7', 'Nivel 7', 10, '2009-01-01', '2300-12-30');
INSERT INTO nom_nivelestr (idnivelestr, abrevnivelestr, dennivelestr, orden, fechaini, fechafin) VALUES (1007, 'N8', 'Nivel 8', 11, '2009-01-01', '2300-12-30');
----------------------------------------
INSERT INTO nom_organo (idorgano, idnivelestr, idespecialidad, denorgano, abrevorgano, orden, fechaini, fechafin, idnomeav) VALUES (1010, 1005, 1, 'Subdirección', 'Subdirec', 6, '2009-01-01', '2300-12-30', 7);
INSERT INTO nom_organo (idorgano, idnivelestr, idespecialidad, denorgano, abrevorgano, orden, fechaini, fechafin, idnomeav) VALUES (1011, 1005, 1, 'Departamento', 'Dpto', 6, '2009-01-01', '2300-12-30', 7);
INSERT INTO nom_organo (idorgano, idnivelestr, idespecialidad, denorgano, abrevorgano, orden, fechaini, fechafin, idnomeav) VALUES (1012, 1005, 1, 'Grupos', 'Grupo', 6, '2009-01-01', '2300-12-30', 7);
INSERT INTO nom_organo (idorgano, idnivelestr, idespecialidad, denorgano, abrevorgano, orden, fechaini, fechafin, idnomeav) VALUES (1013, 1006, 1, 'Sección', 'Sec', 7, '2009-01-01', '2300-12-30', 7);
INSERT INTO nom_organo (idorgano, idnivelestr, idespecialidad, denorgano, abrevorgano, orden, fechaini, fechafin, idnomeav) VALUES (1014, 1007, 1, 'Brigada', 'Brigada', 7, '2009-01-01', '2300-12-30', 7);
INSERT INTO nom_organo (idorgano, idnivelestr, idespecialidad, denorgano, abrevorgano, orden, fechaini, fechafin, idnomeav) VALUES (1006, 1004, 1, 'Dirección', 'Dirección', 5, '2009-01-01', '2300-12-30', 7);
INSERT INTO nom_organo (idorgano, idnivelestr, idespecialidad, denorgano, abrevorgano, orden, fechaini, fechafin, idnomeav) VALUES (1015, 1000, 1, 'Entridad Nacional', 'EN', 1, '2009-01-01', '2300-12-30', 1);
INSERT INTO nom_organo (idorgano, idnivelestr, idespecialidad, denorgano, abrevorgano, orden, fechaini, fechafin, idnomeav) VALUES (1000, 1000, 1, 'Ninguno', 'Ng', 1, '2009-01-01', NULL, 1);
INSERT INTO nom_organo (idorgano, idnivelestr, idespecialidad, denorgano, abrevorgano, orden, fechaini, fechafin, idnomeav) VALUES (1009, 1001, 1, 'Grupo Empresarial', 'GE', 2, '2009-01-01', '2300-12-30', 2);
INSERT INTO nom_organo (idorgano, idnivelestr, idespecialidad, denorgano, abrevorgano, orden, fechaini, fechafin, idnomeav) VALUES (1004, 1001, 1, 'Unión', 'Unión', 1, '2009-01-01', '2300-12-30', 2);
INSERT INTO nom_organo (idorgano, idnivelestr, idespecialidad, denorgano, abrevorgano, orden, fechaini, fechafin, idnomeav) VALUES (1002, 1000, 1, 'Ministerio', 'OACE', 1, '2009-01-01', '2300-12-30', 1);
INSERT INTO nom_organo (idorgano, idnivelestr, idespecialidad, denorgano, abrevorgano, orden, fechaini, fechafin, idnomeav) VALUES (1005, 1002, 1, 'Entidades', 'Entidades', 3, '2009-01-01', '2300-12-30', 3);
INSERT INTO nom_organo (idorgano, idnivelestr, idespecialidad, denorgano, abrevorgano, orden, fechaini, fechafin, idnomeav) VALUES (1007, 1003, 1, 'Unidad', 'Unidad', 4, '2009-01-01', '2300-12-30', 6);
----------------------------------------
INSERT INTO nom_nivel_utilizacion (idnivelutilizacion, denominacion, abreviatura, orden, fechaini, fechafin) VALUES (1000, 'Organismos de la Administración Central del Estado', 'OACE', 1, '2009-01-01', '2300-12-30');
INSERT INTO nom_nivel_utilizacion (idnivelutilizacion, denominacion, abreviatura, orden, fechaini, fechafin) VALUES (1001, 'Consejo de la Administración Provincial', 'CAP', 2, '2009-01-01', '2300-12-30');
INSERT INTO nom_nivel_utilizacion (idnivelutilizacion, denominacion, abreviatura, orden, fechaini, fechafin) VALUES (1004, 'Organización Superior de Dirección Empresarial', 'OSDE', 3, '2009-01-01', '2300-12-30');
INSERT INTO nom_nivel_utilizacion (idnivelutilizacion, denominacion, abreviatura, orden, fechaini, fechafin) VALUES (1005, 'Empresas', 'Empresas', 4, '2009-01-01', '2300-12-30');
INSERT INTO nom_nivel_utilizacion (idnivelutilizacion, denominacion, abreviatura, orden, fechaini, fechafin) VALUES (1006, 'General', 'General', 5, '2009-01-01', '2300-12-30');
----------------------------------------
INSERT INTO nom_escalasalarial (idescalasalarial, denominacion, abreviatura, fechaini, fechafin, orden) VALUES (1000, 'Escala Única', 'Única', '2009-01-01', '2300-12-30', 1);
INSERT INTO nom_escalasalarial (idescalasalarial, denominacion, abreviatura, fechaini, fechafin, orden) VALUES (1002, 'Escala del Ministerio de Salud pública', 'MINSAP', '2009-01-01', '2300-12-30', 2);
INSERT INTO nom_escalasalarial (idescalasalarial, denominacion, abreviatura, fechaini, fechafin, orden) VALUES (1003, 'Escala del Ministerio de Educación Superior', 'MES', '2009-01-01', '2300-12-30', 3);
INSERT INTO nom_escalasalarial (idescalasalarial, denominacion, abreviatura, fechaini, fechafin, orden) VALUES (1004, 'Escala del Ministerio de Educación', 'MINED', '2009-01-01', '2300-12-30', 4);
INSERT INTO nom_escalasalarial (idescalasalarial, denominacion, abreviatura, fechaini, fechafin, orden) VALUES (1005, 'Escala del Ministerio de las Fuerzas Armadas Revolucionarias', 'MINFAR', '2009-01-01', '2300-12-30', 5);
INSERT INTO nom_escalasalarial (idescalasalarial, denominacion, abreviatura, fechaini, fechafin, orden) VALUES (1006, 'Escala del Ministerio del Interior', 'MININT', '2009-01-01', '2300-12-30', 6);
INSERT INTO nom_escalasalarial (idescalasalarial, denominacion, abreviatura, fechaini, fechafin, orden) VALUES (1007, 'Nueva Escala', 'Nueva Escala', '2009-01-01', '2300-12-30', 7);
----------------------------------------
INSERT INTO nom_grupocomple (idgrupocomplejidad, denominacion, abreviatura, idescalasalarial, salarioescala, fechaini, fechafin, orden) VALUES (1000, ' I', ' I', 1000, 1, '2009-01-01', '2300-12-30', 1);
INSERT INTO nom_grupocomple (idgrupocomplejidad, denominacion, abreviatura, idescalasalarial, salarioescala, fechaini, fechafin, orden) VALUES (1001, 'II', 'II', 1000, 1, '2009-01-01', '2300-12-30', 2);
INSERT INTO nom_grupocomple (idgrupocomplejidad, denominacion, abreviatura, idescalasalarial, salarioescala, fechaini, fechafin, orden) VALUES (1003, 'III', 'III', 1000, 1, '2009-01-01', '2300-12-30', 3);
INSERT INTO nom_grupocomple (idgrupocomplejidad, denominacion, abreviatura, idescalasalarial, salarioescala, fechaini, fechafin, orden) VALUES (1004, 'IV', 'IV', 1000, 1, '2009-01-01', '2300-12-30', 4);
INSERT INTO nom_grupocomple (idgrupocomplejidad, denominacion, abreviatura, idescalasalarial, salarioescala, fechaini, fechafin, orden) VALUES (1005, ' V', ' V', 1000, 1, '2009-01-01', '2300-12-30', 5);
INSERT INTO nom_grupocomple (idgrupocomplejidad, denominacion, abreviatura, idescalasalarial, salarioescala, fechaini, fechafin, orden) VALUES (1006, 'VI', 'VI', 1000, 1, '2009-01-01', '2300-12-30', 6);
INSERT INTO nom_grupocomple (idgrupocomplejidad, denominacion, abreviatura, idescalasalarial, salarioescala, fechaini, fechafin, orden) VALUES (1008, 'IIX', 'IIX', 1000, 1, '2009-01-01', '2300-12-30', 8);
INSERT INTO nom_grupocomple (idgrupocomplejidad, denominacion, abreviatura, idescalasalarial, salarioescala, fechaini, fechafin, orden) VALUES (1009, 'IX', 'IX', 1000, 1, '2009-01-01', '2300-12-30', 9);
INSERT INTO nom_grupocomple (idgrupocomplejidad, denominacion, abreviatura, idescalasalarial, salarioescala, fechaini, fechafin, orden) VALUES (1010, ' X', ' X', 1000, 1, '2009-01-01', '2300-12-30', 10);
INSERT INTO nom_grupocomple (idgrupocomplejidad, denominacion, abreviatura, idescalasalarial, salarioescala, fechaini, fechafin, orden) VALUES (1018, 'XIII', 'XIII', 1000, 1, '2009-01-01', '2300-12-30', 13);
INSERT INTO nom_grupocomple (idgrupocomplejidad, denominacion, abreviatura, idescalasalarial, salarioescala, fechaini, fechafin, orden) VALUES (1019, 'XIV', 'XIV', 1000, 1, '2009-01-01', '2300-12-30', 14);
INSERT INTO nom_grupocomple (idgrupocomplejidad, denominacion, abreviatura, idescalasalarial, salarioescala, fechaini, fechafin, orden) VALUES (1020, 'XV', 'XV', 1000, 1, '2009-01-01', '2300-12-30', 15);
INSERT INTO nom_grupocomple (idgrupocomplejidad, denominacion, abreviatura, idescalasalarial, salarioescala, fechaini, fechafin, orden) VALUES (1021, 'XVI', 'XVI', 1000, 1, '2009-01-01', '2300-12-30', 16);
INSERT INTO nom_grupocomple (idgrupocomplejidad, denominacion, abreviatura, idescalasalarial, salarioescala, fechaini, fechafin, orden) VALUES (1022, 'XVII', 'XVII', 1000, 1, '2009-01-01', '2300-12-30', 17);
INSERT INTO nom_grupocomple (idgrupocomplejidad, denominacion, abreviatura, idescalasalarial, salarioescala, fechaini, fechafin, orden) VALUES (1007, 'VII', 'VII', 1000, 1, '2009-01-01', '2300-12-30', 7);
INSERT INTO nom_grupocomple (idgrupocomplejidad, denominacion, abreviatura, idescalasalarial, salarioescala, fechaini, fechafin, orden) VALUES (1016, 'XII', 'XII', 1000, 1, '2009-01-01', '2300-12-30', 12);
INSERT INTO nom_grupocomple (idgrupocomplejidad, denominacion, abreviatura, idescalasalarial, salarioescala, fechaini, fechafin, orden) VALUES (1013, 'XI', 'XI', 1000, 1, '2009-01-01', '2300-12-30', 11);
INSERT INTO nom_grupocomple (idgrupocomplejidad, denominacion, abreviatura, idescalasalarial, salarioescala, fechaini, fechafin, orden) VALUES (1026, 'XIIX', 'XIIX', 1000, 1, '2009-01-01', '2300-12-30', 18);
INSERT INTO nom_grupocomple (idgrupocomplejidad, denominacion, abreviatura, idescalasalarial, salarioescala, fechaini, fechafin, orden) VALUES (1027, 'XIX', 'XIX', 1000, 1, '2009-01-01', '2300-12-30', 19);
INSERT INTO nom_grupocomple (idgrupocomplejidad, denominacion, abreviatura, idescalasalarial, salarioescala, fechaini, fechafin, orden) VALUES (1028, 'XX', 'XX', 1000, 1, '2009-01-01', '2300-12-30', 20);
INSERT INTO nom_grupocomple (idgrupocomplejidad, denominacion, abreviatura, idescalasalarial, salarioescala, fechaini, fechafin, orden) VALUES (1029, 'XXI', 'XXI', 1000, 1, '2009-01-01', '2300-12-30', 21);
INSERT INTO nom_grupocomple (idgrupocomplejidad, denominacion, abreviatura, idescalasalarial, salarioescala, fechaini, fechafin, orden) VALUES (1030, 'XXII', 'XXII', 1000, 1, '2009-01-01', '2300-12-30', 22);
INSERT INTO nom_grupocomple (idgrupocomplejidad, denominacion, abreviatura, idescalasalarial, salarioescala, fechaini, fechafin, orden) VALUES (1031, 'XXIII', 'XXII', 1000, 1, '2009-01-01', '2300-12-30', 23);
INSERT INTO nom_grupocomple (idgrupocomplejidad, denominacion, abreviatura, idescalasalarial, salarioescala, fechaini, fechafin, orden) VALUES (1032, 'XXIV', 'XXIV', 1000, 1, '2009-01-01', '2300-12-30', 24);
INSERT INTO nom_grupocomple (idgrupocomplejidad, denominacion, abreviatura, idescalasalarial, salarioescala, fechaini, fechafin, orden) VALUES (1033, 'XXV', 'XXV', 1000, 1, '2009-01-01', '2300-12-30', 25);
----------------------------------------
INSERT INTO nom_salario (idsalario, idgrupocomplejidad, idescalasalarial, fechaini, fechafin, salario, tarifa, orden) VALUES (1000, 1000, 1000, '2009-01-01', '2300-12-30', 225.00, 1.23000, 1);
INSERT INTO nom_salario (idsalario, idgrupocomplejidad, idescalasalarial, fechaini, fechafin, salario, tarifa, orden) VALUES (1004, 1001, 1000, '2009-01-01', '2300-12-30', 235.00, 1.23000, 2);
INSERT INTO nom_salario (idsalario, idgrupocomplejidad, idescalasalarial, fechaini, fechafin, salario, tarifa, orden) VALUES (1007, 1003, 1000, '2009-01-01', '2300-12-30', 240.00, 1.26000, 3);
INSERT INTO nom_salario (idsalario, idgrupocomplejidad, idescalasalarial, fechaini, fechafin, salario, tarifa, orden) VALUES (1006, 1004, 1000, '2009-01-01', '2300-12-30', 250.00, 1.31000, 4);
INSERT INTO nom_salario (idsalario, idgrupocomplejidad, idescalasalarial, fechaini, fechafin, salario, tarifa, orden) VALUES (1005, 1005, 1000, '2009-01-01', '2300-12-30', 255.00, 1.34000, 5);
----------------------------------------
INSERT INTO nom_tipo_calificador (idtipocalificador, orden, fechaini, fechafin, denominacion, abreviatura) VALUES (1001, 1, '2009-01-01', '3000-05-05', 'Ramal', 'Ramal');
INSERT INTO nom_tipo_calificador (idtipocalificador, orden, fechaini, fechafin, denominacion, abreviatura) VALUES (1003, 1, '2009-01-01', '3000-05-05', 'Dirigentes', 'Dirigentes');
INSERT INTO nom_tipo_calificador (idtipocalificador, orden, fechaini, fechafin, denominacion, abreviatura) VALUES (1004, 1, '2009-01-01', '3000-05-05', 'Propio de la Entidad', 'Propio de la Entidad');
INSERT INTO nom_tipo_calificador (idtipocalificador, orden, fechaini, fechafin, denominacion, abreviatura) VALUES (1000, 1, '2009-01-01', '3000-05-05', 'Común', 'Común');
INSERT INTO nom_tipo_calificador (idtipocalificador, orden, fechaini, fechafin, denominacion, abreviatura) VALUES (1002, 1, '2009-01-01', '3000-05-05', 'Propio del organismo', 'Propio');
----------------------------------------
INSERT INTO nom_tipocifra (idtipocifra, dentipocifra, esdescargable, fechaini, fechafin, escifracargo, orden) VALUES (1000, 'Plantilla Fija', false, '2009-01-01', '3000-05-05', false, 1);
INSERT INTO nom_tipocifra (idtipocifra, dentipocifra, esdescargable, fechaini, fechafin, escifracargo, orden) VALUES (1002, 'Eventual', false, '2009-01-01', '3000-05-05', false, 2);
----------------------------------------
INSERT INTO nom_clasificacion_cargo (idclasificacion, denominacion, orden, fechaini, fechafin) VALUES (1004, 'Administrativa', 1, '2009-01-01', '2300-12-30');
INSERT INTO nom_clasificacion_cargo (idclasificacion, denominacion, orden, fechaini, fechafin) VALUES (1005, 'Apoyo', 2, '2009-01-01', '2300-12-30');
INSERT INTO nom_clasificacion_cargo (idclasificacion, denominacion, orden, fechaini, fechafin) VALUES (1000, 'Ejecutiva', 3, '2009-01-01', '2300-12-30');
INSERT INTO nom_clasificacion_cargo (idclasificacion, denominacion, orden, fechaini, fechafin) VALUES (1002, 'Productiva', 4, '2009-01-01', '2300-12-30');
INSERT INTO nom_clasificacion_cargo (idclasificacion, denominacion, orden, fechaini, fechafin) VALUES (1001, 'General', 5, '2009-01-01', '2300-12-30');
----------------------------------------
INSERT INTO nom_categocup (idcategocup, dencategocup, orden, fechaini, fechafin, abreviatura) VALUES (1000, 'Administrativo', 1, '2009-01-01', '2300-12-30', ' A');
INSERT INTO nom_categocup (idcategocup, dencategocup, orden, fechaini, fechafin, abreviatura) VALUES (1002, 'Servicios', 2, '2009-01-01', '2300-12-30', ' S');
INSERT INTO nom_categocup (idcategocup, dencategocup, orden, fechaini, fechafin, abreviatura) VALUES (1004, 'Tecnicos', 3, '2009-01-01', '2300-12-30', ' T');
INSERT INTO nom_categocup (idcategocup, dencategocup, orden, fechaini, fechafin, abreviatura) VALUES (1003, 'Operarios', 4, '2009-01-01', '2300-12-30', ' O');
INSERT INTO nom_categocup (idcategocup, dencategocup, orden, fechaini, fechafin, abreviatura) VALUES (1005, 'Dirigentes', 5, '2009-01-01', '2300-12-30', ' D');
----------------------------------------
INSERT INTO nom_categcivil (idcategcivil, dencategcivil, abrevcategcivil, orden, fechaini, fechafin, essueldo) VALUES (1000, 'Jefe de Brigada', 'Jefe de Brigada', 1, '2009-01-01', '2300-12-30', 1);
INSERT INTO nom_categcivil (idcategcivil, dencategcivil, abrevcategcivil, orden, fechaini, fechafin, essueldo) VALUES (1006, 'Jefe de Turno', 'Jefe de Turno', 2, '2009-01-01', '2300-12-30', 1);
INSERT INTO nom_categcivil (idcategcivil, dencategcivil, abrevcategcivil, orden, fechaini, fechafin, essueldo) VALUES (1007, 'Espec. Principal', 'Esp. Principal', 55, '2009-01-01', '2300-12-30', 1);
----------------------------------------
INSERT INTO nom_calificador_cargo (idcalificador, denominacion, abreviatura, fechaini, fechafin, orden, idtipocalificador, codigo, idcategocup) VALUES (1002, 'Común de Servicios', 'Común de Servicios', '2009-01-01', '2300-12-30', 1, 1001, '103/2005', 1002);
INSERT INTO nom_calificador_cargo (idcalificador, denominacion, abreviatura, fechaini, fechafin, orden, idtipocalificador, codigo, idcategocup) VALUES (1000, 'Común Administrativas', 'Común Administrativas', '2009-01-01', '2300-12-30', 2, 1001, '105/2005', 1000);
INSERT INTO nom_calificador_cargo (idcalificador, denominacion, abreviatura, fechaini, fechafin, orden, idtipocalificador, codigo, idcategocup) VALUES (1003, 'Común Operarios', 'Común Operarios', '2009-01-01', '2300-12-30', 3, 1001, '104/2005', 1003);
----------------------------------------
INSERT INTO nom_cargocivil (idcargociv, dencargociv, abrevcargociv, orden, fechaini, fechafin, idcategocup, codigo, descripcion, requisitos, idcalificador, idgrupocomplejidad, idnivelutilizacion, idespecialidad, idcategcivil) VALUES (100003, 'Jardinero', 'Jardinero', 3, '2009-01-01', '2300-12-30', 1003, '104/205', 'Realiza todo tipo de labores de mantenimiento de jardines, parques, paseos y parterre.Remueve la tierra y perfila el contorno de los canteros, corta el césped de las áreas verdes.Realiza poda a los distintos especies y variedades de plantas ornamentales.Efectúa Siembras, trasplantes y moteos de plantas ornamentales.Recoge los residuos de la poda y barre el área laborada.Hecha agua a las plantas con los diferentes métodos de riego.Realiza otras tareas de similar complejidad, según se requiera.', 'Graduado de Nivel Medio con Curso de Habilitación.', 1003, 1003, 1006, 1, NULL);
INSERT INTO nom_cargocivil (idcargociv, dencargociv, abrevcargociv, orden, fechaini, fechafin, idcategocup, codigo, descripcion, requisitos, idcalificador, idgrupocomplejidad, idnivelutilizacion, idespecialidad, idcategcivil) VALUES (100000, 'Ayudante', 'Ayudante', 1, '2009-01-01', '2300-12-30', 1003, '104/205', 'Monta y desmonta equipos de trabajo y herramientas.Friega, limpia y engrasa equipos de trabajo y herramientas.Corta, perfora y enrosca materiales a medida.Traslada, carga, desplaza, afila y desafila materiales, equipos y herramientas.Ranura, cava, apisona y separa materiales y productos.Carga y descarga mercancías y productos.Cose sacos de yute, nylon u otros. Envasa en sacos u otro tipo de envase.Pesa materiales, materias primas y productos terminados.Realiza conteo de productos que procesa o elabora.Envasa y traslada productos y materias primas.Coopera con otros puestos de trabajo.Realiza cualquiera otra tarea de similar naturaleza, según se requiera.', 'Haber aprobado Curso de Habilitación o Período de Adiestramiento', 1003, 1001, 1006, 1, NULL);
INSERT INTO nom_cargocivil (idcargociv, dencargociv, abrevcargociv, orden, fechaini, fechafin, idcategocup, codigo, descripcion, requisitos, idcalificador, idgrupocomplejidad, idnivelutilizacion, idespecialidad, idcategcivil) VALUES (100002, 'Cerrajero', 'Cerrajero', 2, '2009-01-01', '2300-12-30', 1003, '104/205', 'Abre, ajusta, monta y repara todo tipo de cerraduras.Cincela, lima, raspa y corrige inexactitudes.Junta las piezas y comprueba las cerraduras acabadas.Cambia las combinaciones de las cerraduras.Adapta llaves y cilindros en cualquier tipo de cerradura y sus mecanismos de cierre.Realiza cualquiera otra tarea de similar naturaleza, según se requiera.', 'Haber aprobado Curso de Habilitación o Período de Adiestramiento', 1003, 1003, 1006, 1, NULL);
----------------------------------------

INSERT INTO nom_subordinacion (idnomsubordinacion, denominacion, abreviatura, color) VALUES (1, 'real', 'real', '000000');
INSERT INTO nom_subordinacion (idnomsubordinacion, denominacion, abreviatura, color) VALUES (2, 'logistica', 'logistica', 'ff0000');

----------------------------------------
INSERT INTO nom_filaestruc (idfila, idnomeav, dominio, idpadre, dominiofila) VALUES (100000001, 1, NULL, 100000001, '{1,0,0,0,0,0,0,0,0,0,0,0,0,0,0,0,0,0,0,0,0,0,0,0,0,0,0,0,0,0,0,0,0,0,0,0,0,0,0,0,0,0,0,0,0,0,0,0,0,0,0,0,0,0,0,0,0,0,0,0,0,0,0,0,0,0,0,0,0,0,0,0,0,0,0,0,0,0,0,0,0,0,0,0,0,0,0,0,0,0,0,0,0,0,0,0,0,0,0,0,0,0,0,0,0,0,0,0,0,0,0,0,0,0,0,0,0,0,0,0,0,0,0,0,0,0,0,0,0,0,0,0,0,0,0,0,0,0,0,0,0,0,0,0,0,0,0,0,0,0,0,0,0,0,0,0,0,0,0,0,0,0,0,0,0,0,0,0,0,0,0,0,0,0,0,0,0,0,0,0,0,0,0,0,0,0,0,0,0,0,0,0,0,0,0,0,0,0,0,0,0,0,0,0,0,0,0,0,0,0,0,0,0,0,0,0,0,0,0,0,0,0,0,0,0,0,0,0,0,0,0,0,0,0,0,0,0,0,0,0,0,0,0,0,0,0,0,0,0,0,0,0,0,0,0,0,0,0,0,0,0,0,0,0,0,0,0,0,0,0,0,0,0,0,0,0,0,0,0,0,0,0,0,0,0,0,0,0,0,0,0,0,0,0,0,0,0,0,0,0,0,0,0,0,0,0,0,0,0,0,0,0,0,0,0,0,0,0,0,0,0,0,0,0,0,0,0,0,0,0,0,0,0,0,0,0,0,0,0,0,0,0,0,0,0,0,0,0,0,0,0,0,0,0,0,0,0,0,0,0,0,0,0,0,0,0,0,0,0,0,0,0,0,0,0,0,0,0,0,0,0,0,0,0,0,0,0,0,0,0,0,0,0,0,0,0,0,0,0,0,0,0,0,0,0,0,0,0,0,0,0,0,0,0,0,0,0,0,0,0,0,0,0,0,0,0,0,0,0,0,0,0,0,0,0,0,0,0,0,0,0,0,0,0,0,0,0,0,0,0,0,0,0,0,0,0,0,0,0,0,0,0,0,0,0,0,0,0,0,0,0,0,0,0,0,0,0,0,0,0,0,0,0,0,0,0,0,0,0,0,0,0,0,0,0,0,0,0,0,0}');
----------------------------------------
INSERT INTO dat_estructura (idestructura, idprefijo, fechaini, fechafin, lft, rgt, denominacion, abreviatura, idnomeav, idpadre, idorgano, version, idnivelestr, idespecialidad, iddpa, codigo) VALUES (100000001, 1000, '2009-01-01', '3000-05-05', 1, 2, 'Estructura de instalación', 'EI', 1, 100000001, 1000, 1, 1000, 1, 1, '123');
----------------------------------------


-- Registro de funcionalidades en seguridad y asiganción de permisos al rol de instalación.----
----------------------------------------
SET search_path = mod_seguridad, pg_catalog;

INSERT INTO dat_sistema (idsistema, idpadre, denominacion, icono, abreviatura, descripcion, externa, lft, rgt, iddominio) VALUES (101, 101, 'Estructura y composición', 'estructura', 'est', '', '',13, 14, 1);

INSERT INTO dat_funcionalidad (idfuncionalidad, index, referencia, denominacion, descripcion, icono, idsistema, iddominio) VALUES (1001, 0, '/metadatos/index.php/eav/gestionareav', 'Definir nivel estructural', '', 'falta', 101, 1);
INSERT INTO dat_funcionalidad (idfuncionalidad, index, referencia, denominacion, descripcion, icono, idsistema, iddominio) VALUES (1002, 0, '/metadatos/index.php/estructura/gestionarestructura', 'Gestionar estructuras', '', 'falta', 101, 1);
INSERT INTO dat_funcionalidad (idfuncionalidad, index, referencia, denominacion, descripcion, icono, idsistema, iddominio) VALUES (1003, 0, '/metadatos/index.php/nomenclador/gestionarnomenclador', 'Gestionar nomencladores', '', 'falta', 101, 1);
INSERT INTO dat_funcionalidad (idfuncionalidad, index, referencia, denominacion, descripcion, icono, idsistema, iddominio) VALUES (1004, 0, '/metadatos/index.php/estructurasb/gestionarestructura', 'Subordinaciones', '', '', 101, 1);
INSERT INTO dat_funcionalidad (idfuncionalidad, index, referencia, denominacion, descripcion, icono, idsistema, iddominio) VALUES (1005, 0, '/metadatos/index.php/reportes/gestionarreportes', 'Recuperaciones', '', 'falta', 101, 1);

INSERT INTO dat_accion (idaccion, icono, denominacion, descripcion, abreviatura, idfuncionalidad, iddominio)VALUES (1100003, 'icon', 'Tablas', '', 'tablas', 1001, 1);
INSERT INTO dat_accion (idaccion, icono, denominacion, descripcion, abreviatura, idfuncionalidad, iddominio)VALUES (1100004, 'icon', 'insertatablas', '', 'insertatablas', 1001, 1);
INSERT INTO dat_accion (idaccion, icono, denominacion, descripcion, abreviatura, idfuncionalidad, iddominio)VALUES (1100005, 'icon', 'insertarcampos', '', 'insertarcampos', 1001, 1);
INSERT INTO dat_accion (idaccion, icono, denominacion, descripcion, abreviatura, idfuncionalidad, iddominio)VALUES (1100006, 'icon', 'eliminartabla', '', 'eliminartabla', 1001, 1);
INSERT INTO dat_accion (idaccion, icono, denominacion, descripcion, abreviatura, idfuncionalidad, iddominio)VALUES (1100007, 'icon', 'eliminarcampos', '', 'eliminarcampos', 1001, 1);
INSERT INTO dat_accion (idaccion, icono, denominacion, descripcion, abreviatura, idfuncionalidad, iddominio)VALUES (1100008, 'icon', 'mostrarcampos', '', 'mostrarcampos', 1001, 1);
INSERT INTO dat_accion (idaccion, icono, denominacion, descripcion, abreviatura, idfuncionalidad, iddominio)VALUES (1100009, 'icon', 'mostrartablas', '', 'mostrartablas', 1001, 1);
INSERT INTO dat_accion (idaccion, icono, denominacion, descripcion, abreviatura, idfuncionalidad, iddominio)VALUES (1100010, 'icon', 'mostrartiposdatos', '', 'mostrartiposdatos', 1001, 1);
INSERT INTO dat_accion (idaccion, icono, denominacion, descripcion, abreviatura, idfuncionalidad, iddominio)VALUES (1100011, 'icon', 'mostrartiposcampos', '', 'mostrartiposcampos', 1001, 1);
INSERT INTO dat_accion (idaccion, icono, denominacion, descripcion, abreviatura, idfuncionalidad, iddominio)VALUES (1100012, 'icon', 'modificarcampos', '', 'modificarcampos', 1001, 1);
INSERT INTO dat_accion (idaccion, icono, denominacion, descripcion, abreviatura, idfuncionalidad, iddominio)VALUES (1100013, 'icon', 'cargarhijos', '', 'cargarhijos', 1001, 1);
INSERT INTO dat_accion (idaccion, icono, denominacion, descripcion, abreviatura, idfuncionalidad, iddominio)VALUES (1100014, 'icon', 'gestionareav', '', 'gestionareav', 1001, 1);
INSERT INTO dat_accion (idaccion, icono, denominacion, descripcion, abreviatura, idfuncionalidad, iddominio)VALUES (1100015, 'icon', 'insertarvalorcombo', '', 'insertarvalorcombo', 1001, 1);
INSERT INTO dat_accion (idaccion, icono, denominacion, descripcion, abreviatura, idfuncionalidad, iddominio)VALUES (1100016, 'icon', 'mostrarvalorcombo', '', 'mostrarvalorcombo', 1001, 1);
INSERT INTO dat_accion (idaccion, icono, denominacion, descripcion, abreviatura, idfuncionalidad, iddominio)VALUES (1100017, 'icon', 'mostrariconos', '', 'mostrariconos', 1001, 1);
INSERT INTO dat_accion (idaccion, icono, denominacion, descripcion, abreviatura, idfuncionalidad, iddominio)VALUES (1100018, 'icon', 'geticon', '', 'geticon', 1001, 1);
INSERT INTO dat_accion (idaccion, icono, denominacion, descripcion, abreviatura, idfuncionalidad, iddominio)VALUES (1100019, 'icon', 'buscarconexiones', '', 'buscarconexiones', 1001, 1);
INSERT INTO dat_accion (idaccion, icono, denominacion, descripcion, abreviatura, idfuncionalidad, iddominio)VALUES (1100020, 'icon', 'insertarconexiones', '', 'insertarconexiones', 1001, 1);
INSERT INTO dat_accion (idaccion, icono, denominacion, descripcion, abreviatura, idfuncionalidad, iddominio)VALUES (1100021, 'icon', 'eliminarconexiones', '', 'eliminarconexiones', 1001, 1);
INSERT INTO dat_accion (idaccion, icono, denominacion, descripcion, abreviatura, idfuncionalidad, iddominio)VALUES (1100022, 'icon', 'insertarTablas', '', 'insertarTablas', 1001, 1);
INSERT INTO dat_accion (idaccion, icono, denominacion, descripcion, abreviatura, idfuncionalidad, iddominio)VALUES (1100023, 'icon', 'modificarTablas', '', 'modificarTablas', 1001, 1);
INSERT INTO dat_accion (idaccion, icono, denominacion, descripcion, abreviatura, idfuncionalidad, iddominio)VALUES (1100024, 'icon', 'tablas', '', 'tablas', 1002, 1);
INSERT INTO dat_accion (idaccion, icono, denominacion, descripcion, abreviatura, idfuncionalidad, iddominio)VALUES (1100025, 'icon', 'tablascampos', '', 'tablascampos', 1002, 1);
INSERT INTO dat_accion (idaccion, icono, denominacion, descripcion, abreviatura, idfuncionalidad, iddominio)VALUES (1100026, 'icon', 'tablascamposvalores', '', 'tablascamposvalores', 1002, 1);
INSERT INTO dat_accion (idaccion, icono, denominacion, descripcion, abreviatura, idfuncionalidad, iddominio)VALUES (1100027, 'icon', 'insertavalores', '', 'insertavalores', 1002, 1);
INSERT INTO dat_accion (idaccion, icono, denominacion, descripcion, abreviatura, idfuncionalidad, iddominio)VALUES (1100028, 'icon', 'eliminarvalores', '', 'eliminarvalores', 1002, 1);
INSERT INTO dat_accion (idaccion, icono, denominacion, descripcion, abreviatura, idfuncionalidad, iddominio)VALUES (1100029, 'icon', 'mostrarcampos', '', 'mostrarcampos', 1002, 1);
INSERT INTO dat_accion (idaccion, icono, denominacion, descripcion, abreviatura, idfuncionalidad, iddominio)VALUES (1100030, 'icon', 'mostrartablas', '', 'mostrartablas', 1002, 1);
INSERT INTO dat_accion (idaccion, icono, denominacion, descripcion, abreviatura, idfuncionalidad, iddominio)VALUES (1100031, 'icon', 'construirmenu', '', 'construirmenu', 1002, 1);
INSERT INTO dat_accion (idaccion, icono, denominacion, descripcion, abreviatura, idfuncionalidad, iddominio)VALUES (1100032, 'icon', 'construirformularioinsercion', '', 'construirformularioinsercion', 1002, 1);
INSERT INTO dat_accion (idaccion, icono, denominacion, descripcion, abreviatura, idfuncionalidad, iddominio)VALUES (1100033, 'icon', 'construirformulariomodificar', '', 'construirformulariomodificar', 1002, 1);
INSERT INTO dat_accion (idaccion, icono, denominacion, descripcion, abreviatura, idfuncionalidad, iddominio)VALUES (1100034, 'icon', 'construircamposgrid', '', 'construircamposgrid', 1002, 1);
INSERT INTO dat_accion (idaccion, icono, denominacion, descripcion, abreviatura, idfuncionalidad, iddominio)VALUES (1100035, 'icon', 'construirvaloresgrid', '', 'construirvaloresgrid', 1002, 1);
INSERT INTO dat_accion (idaccion, icono, denominacion, descripcion, abreviatura, idfuncionalidad, iddominio)VALUES (1100036, 'icon', 'construircamposgridop', '', 'construircamposgridop', 1002, 1);
INSERT INTO dat_accion (idaccion, icono, denominacion, descripcion, abreviatura, idfuncionalidad, iddominio)VALUES (1100037, 'icon', 'construirvaloresgridop', '', 'construirvaloresgridop', 1002, 1);
INSERT INTO dat_accion (idaccion, icono, denominacion, descripcion, abreviatura, idfuncionalidad, iddominio)VALUES (1100038, 'icon', 'buscarhijos', '', 'buscarhijos', 1002, 1);
INSERT INTO dat_accion (idaccion, icono, denominacion, descripcion, abreviatura, idfuncionalidad, iddominio)VALUES (1100039, 'icon', 'buscarhijosagrup', '', 'buscarhijosagrup', 1002, 1);
INSERT INTO dat_accion (idaccion, icono, denominacion, descripcion, abreviatura, idfuncionalidad, iddominio)VALUES (1100040, 'icon', 'gestionarestructura', '', 'gestionarestructura', 1002, 1);
INSERT INTO dat_accion (idaccion, icono, denominacion, descripcion, abreviatura, idfuncionalidad, iddominio)VALUES (1100041, 'icon', 'interfazestructura', '', 'interfazestructura', 1002, 1);
INSERT INTO dat_accion (idaccion, icono, denominacion, descripcion, abreviatura, idfuncionalidad, iddominio)VALUES (1100042, 'icon', 'prueba', '', 'prueba', 1002, 1);
INSERT INTO dat_accion (idaccion, icono, denominacion, descripcion, abreviatura, idfuncionalidad, iddominio)VALUES (1100043, 'icon', 'modificarvalores', '', 'modificarvalores', 1002, 1);
INSERT INTO dat_accion (idaccion, icono, denominacion, descripcion, abreviatura, idfuncionalidad, iddominio)VALUES (1100044, 'icon', 'mostrarorganigrama', '', 'mostrarorganigrama', 1002, 1);
INSERT INTO dat_accion (idaccion, icono, denominacion, descripcion, abreviatura, idfuncionalidad, iddominio)VALUES (1100045, 'icon', 'mostrarorganigramaestatico', '', 'mostrarorganigramaestatico', 1002, 1);
INSERT INTO dat_accion (idaccion, icono, denominacion, descripcion, abreviatura, idfuncionalidad, iddominio)VALUES (1100046, 'icon', 'buscarcomposicion', '', 'buscarcomposicion', 1002, 1);
INSERT INTO dat_accion (idaccion, icono, denominacion, descripcion, abreviatura, idfuncionalidad, iddominio)VALUES (1100047, 'icon', 'insertarcargocivil', '', 'insertarcargocivil', 1002, 1);
INSERT INTO dat_accion (idaccion, icono, denominacion, descripcion, abreviatura, idfuncionalidad, iddominio)VALUES (1100048, 'icon', 'modificarcargocivil', '', 'modificarcargocivil', 1002, 1);
INSERT INTO dat_accion (idaccion, icono, denominacion, descripcion, abreviatura, idfuncionalidad, iddominio)VALUES (1100049, 'icon', 'verificarcombocargocivil', '', 'verificarcombocargocivil', 1002, 1);
INSERT INTO dat_accion (idaccion, icono, denominacion, descripcion, abreviatura, idfuncionalidad, iddominio)VALUES (1100050, 'icon', 'verificarcombocargomilitar', '', 'verificarcombocargomilitar', 1002, 1);
INSERT INTO dat_accion (idaccion, icono, denominacion, descripcion, abreviatura, idfuncionalidad, iddominio)VALUES (1100051, 'icon', 'mostrarcatgriacvil', '', 'mostrarcatgriacvil', 1002, 1);
INSERT INTO dat_accion (idaccion, icono, denominacion, descripcion, abreviatura, idfuncionalidad, iddominio)VALUES (1100052, 'icon', 'buscarsalarioporgrupoescala', '', 'buscarsalarioporgrupoescala', 1002, 1);
INSERT INTO dat_accion (idaccion, icono, denominacion, descripcion, abreviatura, idfuncionalidad, iddominio)VALUES (1100053, 'icon', 'mostrarcargos', '', 'mostrarcargos', 1002, 1);
INSERT INTO dat_accion (idaccion, icono, denominacion, descripcion, abreviatura, idfuncionalidad, iddominio)VALUES (1100054, 'icon', 'mostrardatoscargo', '', 'mostrardatoscargo', 1002, 1);
INSERT INTO dat_accion (idaccion, icono, denominacion, descripcion, abreviatura, idfuncionalidad, iddominio)VALUES (1100055, 'icon', 'mostrarcifras', '', 'mostrarcifras', 1002, 1);
INSERT INTO dat_accion (idaccion, icono, denominacion, descripcion, abreviatura, idfuncionalidad, iddominio)VALUES (1100056, 'icon', 'mostrarespecialidades', '', 'mostrarespecialidades', 1002, 1);
INSERT INTO dat_accion (idaccion, icono, denominacion, descripcion, abreviatura, idfuncionalidad, iddominio)VALUES (1100057, 'icon', 'mostrarcategoriasciviles', '', 'mostrarcategoriasciviles', 1002, 1);
INSERT INTO dat_accion (idaccion, icono, denominacion, descripcion, abreviatura, idfuncionalidad, iddominio)VALUES (1100058, 'icon', 'mostrarnomgrupocomple', '', 'mostrarnomgrupocomple', 1002, 1);
INSERT INTO dat_accion (idaccion, icono, denominacion, descripcion, abreviatura, idfuncionalidad, iddominio)VALUES (1100059, 'icon', 'mostrarnomcargocivil', '', 'mostrarnomcargocivil', 1002, 1);
INSERT INTO dat_accion (idaccion, icono, denominacion, descripcion, abreviatura, idfuncionalidad, iddominio)VALUES (1100060, 'icon', 'mostrarnomescalasalarial', '', 'mostrarnomescalasalarial', 1002, 1);
INSERT INTO dat_accion (idaccion, icono, denominacion, descripcion, abreviatura, idfuncionalidad, iddominio)VALUES (1100061, 'icon', 'mostrarnomclasificacion', '', 'mostrarnomclasificacion', 1002, 1);
INSERT INTO dat_accion (idaccion, icono, denominacion, descripcion, abreviatura, idfuncionalidad, iddominio)VALUES (1100062, 'icon', 'insertarcargomilitar', '', 'insertarcargomilitar', 1002, 1);
INSERT INTO dat_accion (idaccion, icono, denominacion, descripcion, abreviatura, idfuncionalidad, iddominio)VALUES (1100063, 'icon', 'modificarcargomilitar', '', 'modificarcargomilitar', 1002, 1);
INSERT INTO dat_accion (idaccion, icono, denominacion, descripcion, abreviatura, idfuncionalidad, iddominio)VALUES (1100064, 'icon', 'mostrarnomcargomtar', '', 'mostrarnomcargomtar', 1002, 1);
INSERT INTO dat_accion (idaccion, icono, denominacion, descripcion, abreviatura, idfuncionalidad, iddominio)VALUES (1100065, 'icon', 'mostrarnomgradomtar', '', 'mostrarnomgradomtar', 1002, 1);
INSERT INTO dat_accion (idaccion, icono, denominacion, descripcion, abreviatura, idfuncionalidad, iddominio)VALUES (1100066, 'icon', 'eliminarcargo', '', 'eliminarcargo', 1002, 1);
INSERT INTO dat_accion (idaccion, icono, denominacion, descripcion, abreviatura, idfuncionalidad, iddominio)VALUES (1100067, 'icon', 'eliminarestructuraagrupacion', '', 'eliminarestructuraagrupacion', 1002, 1);
INSERT INTO dat_accion (idaccion, icono, denominacion, descripcion, abreviatura, idfuncionalidad, iddominio)VALUES (1100068, 'icon', 'insertarestructuraagrupacion', '', 'insertarestructuraagrupacion', 1002, 1);
INSERT INTO dat_accion (idaccion, icono, denominacion, descripcion, abreviatura, idfuncionalidad, iddominio)VALUES (1100069, 'icon', 'mostraragrupacion', '', 'mostraragrupacion', 1002, 1);
INSERT INTO dat_accion (idaccion, icono, denominacion, descripcion, abreviatura, idfuncionalidad, iddominio)VALUES (1100070, 'icon', 'mostrarestructuraagrupacion', '', 'mostrarestructuraagrupacion', 1002, 1);
INSERT INTO dat_accion (idaccion, icono, denominacion, descripcion, abreviatura, idfuncionalidad, iddominio)VALUES (1100071, 'icon', 'mostrartecnica', '', 'mostrartecnica', 1002, 1);
INSERT INTO dat_accion (idaccion, icono, denominacion, descripcion, abreviatura, idfuncionalidad, iddominio)VALUES (1100072, 'icon', 'mostrarntecnica', '', 'mostrarntecnica', 1002, 1);
INSERT INTO dat_accion (idaccion, icono, denominacion, descripcion, abreviatura, idfuncionalidad, iddominio)VALUES (1100073, 'icon', 'mostrardatostecnica', '', 'mostrardatostecnica', 1002, 1);
INSERT INTO dat_accion (idaccion, icono, denominacion, descripcion, abreviatura, idfuncionalidad, iddominio)VALUES (1100074, 'icon', 'insertartecnica', '', 'insertartecnica', 1002, 1);
INSERT INTO dat_accion (idaccion, icono, denominacion, descripcion, abreviatura, idfuncionalidad, iddominio)VALUES (1100075, 'icon', 'eliminartecnica', '', 'eliminartecnica', 1002, 1);
INSERT INTO dat_accion (idaccion, icono, denominacion, descripcion, abreviatura, idfuncionalidad, iddominio)VALUES (1100076, 'icon', 'modificartecnica', '', 'modificartecnica', 1002, 1);
INSERT INTO dat_accion (idaccion, icono, denominacion, descripcion, abreviatura, idfuncionalidad, iddominio)VALUES (1100077, 'icon', 'geticon', '', 'geticon', 1002, 1);
INSERT INTO dat_accion (idaccion, icono, denominacion, descripcion, abreviatura, idfuncionalidad, iddominio)VALUES (1100078, 'icon', 'mostrarescalasalarial', '', 'mostrarescalasalarial', 1002, 1);
INSERT INTO dat_accion (idaccion, icono, denominacion, descripcion, abreviatura, idfuncionalidad, iddominio)VALUES (1100079, 'icon', 'mostrargrupocomplejidad', '', 'mostrargrupocomplejidad', 1002, 1);
INSERT INTO dat_accion (idaccion, icono, denominacion, descripcion, abreviatura, idfuncionalidad, iddominio)VALUES (1100080, 'icon', 'mostrarsalario', '', 'mostrarsalario', 1002, 1);
INSERT INTO dat_accion (idaccion, icono, denominacion, descripcion, abreviatura, idfuncionalidad, iddominio)VALUES (1100081, 'icon', 'hijosdpa', '', 'hijosdpa', 1002, 1);
INSERT INTO dat_accion (idaccion, icono, denominacion, descripcion, abreviatura, idfuncionalidad, iddominio)VALUES (1100082, 'icon', 'hijoespecialidad', '', 'hijoespecialidad', 1002, 1);
INSERT INTO dat_accion (idaccion, icono, denominacion, descripcion, abreviatura, idfuncionalidad, iddominio)VALUES (1100083, 'icon', 'gestionarestructura', '', 'gestionarestructura', 1004, 1);
INSERT INTO dat_accion (idaccion, icono, denominacion, descripcion, abreviatura, idfuncionalidad, iddominio)VALUES (1100084, 'icon', 'interfazestructura', '', 'interfazestructura', 1004, 1);
INSERT INTO dat_accion (idaccion, icono, denominacion, descripcion, abreviatura, idfuncionalidad, iddominio)VALUES (1100085, 'icon', 'prueba', '', 'prueba', 1004, 1);
INSERT INTO dat_accion (idaccion, icono, denominacion, descripcion, abreviatura, idfuncionalidad, iddominio)VALUES (1100086, 'icon', 'buscarhijos', '', 'buscarhijos', 1004, 1);
INSERT INTO dat_accion (idaccion, icono, denominacion, descripcion, abreviatura, idfuncionalidad, iddominio)VALUES (1100087, 'icon', 'buscarcomposicion', '', 'buscarcomposicion', 1004, 1);
INSERT INTO dat_accion (idaccion, icono, denominacion, descripcion, abreviatura, idfuncionalidad, iddominio)VALUES (1100088, 'icon', 'geticon', '', 'geticon', 1004, 1);
INSERT INTO dat_accion (idaccion, icono, denominacion, descripcion, abreviatura, idfuncionalidad, iddominio)VALUES (1100089, 'icon', 'reordenar', '', 'reordenar', 1004, 1);
INSERT INTO dat_accion (idaccion, icono, denominacion, descripcion, abreviatura, idfuncionalidad, iddominio)VALUES (1100090, 'icon', 'cambiarsubordinacion', '', 'cambiarsubordinacion', 1004, 1);
INSERT INTO dat_accion (idaccion, icono, denominacion, descripcion, abreviatura, idfuncionalidad, iddominio)VALUES (1100091, 'icon', 'mostarnivelsubordinacion', '', 'mostarnivelsubordinacion', 1004, 1);
INSERT INTO dat_accion (idaccion, icono, denominacion, descripcion, abreviatura, idfuncionalidad, iddominio)VALUES (1100092, 'icon', 'pruebas', '', 'pruebas', 1004, 1);
INSERT INTO dat_accion (idaccion, icono, denominacion, descripcion, abreviatura, idfuncionalidad, iddominio)VALUES (1100093, 'icon', 'gestionarnomenclador', '', 'gestionarnomenclador', 1003, 1);
INSERT INTO dat_accion (idaccion, icono, denominacion, descripcion, abreviatura, idfuncionalidad, iddominio)VALUES (1100094, 'icon', 'mostrarcalificador', '', 'mostrarcalificador', 1003, 1);
INSERT INTO dat_accion (idaccion, icono, denominacion, descripcion, abreviatura, idfuncionalidad, iddominio)VALUES (1100095, 'icon', 'mostrarTipoSubordinacion', '', 'mostrarTipoSubordinacion', 1003, 1);
INSERT INTO dat_accion (idaccion, icono, denominacion, descripcion, abreviatura, idfuncionalidad, iddominio)VALUES (1100096, 'icon', 'insertarTipoSubordinacion', '', 'insertarTipoSubordinacion', 1003, 1);
INSERT INTO dat_accion (idaccion, icono, denominacion, descripcion, abreviatura, idfuncionalidad, iddominio)VALUES (1100097, 'icon', 'modificarTipoSubordinacion', '', 'modificarTipoSubordinacion', 1003, 1);
INSERT INTO dat_accion (idaccion, icono, denominacion, descripcion, abreviatura, idfuncionalidad, iddominio)VALUES (1100098, 'icon', 'eliminarTipoSubordinacion', '', 'eliminarTipoSubordinacion', 1003, 1);
INSERT INTO dat_accion (idaccion, icono, denominacion, descripcion, abreviatura, idfuncionalidad, iddominio)VALUES (1100099, 'icon', 'insertarcalificador', '', 'insertarcalificador', 1003, 1);
INSERT INTO dat_accion (idaccion, icono, denominacion, descripcion, abreviatura, idfuncionalidad, iddominio)VALUES (1100100, 'icon', 'modificarcalificador', '', 'modificarcalificador', 1003, 1);
INSERT INTO dat_accion (idaccion, icono, denominacion, descripcion, abreviatura, idfuncionalidad, iddominio)VALUES (1100101, 'icon', 'eliminarcalificador', '', 'eliminarcalificador', 1003, 1);
INSERT INTO dat_accion (idaccion, icono, denominacion, descripcion, abreviatura, idfuncionalidad, iddominio)VALUES (1100102, 'icon', 'mostrarprefijo', '', 'mostrarprefijo', 1003, 1);
INSERT INTO dat_accion (idaccion, icono, denominacion, descripcion, abreviatura, idfuncionalidad, iddominio)VALUES (1100103, 'icon', 'insertarprefijo', '', 'insertarprefijo', 1003, 1);
INSERT INTO dat_accion (idaccion, icono, denominacion, descripcion, abreviatura, idfuncionalidad, iddominio)VALUES (1100104, 'icon', 'modificarprefijo', '', 'modificarprefijo', 1003, 1);
INSERT INTO dat_accion (idaccion, icono, denominacion, descripcion, abreviatura, idfuncionalidad, iddominio)VALUES (1100105, 'icon', 'eliminarprefijo', '', 'eliminarprefijo', 1003, 1);
INSERT INTO dat_accion (idaccion, icono, denominacion, descripcion, abreviatura, idfuncionalidad, iddominio)VALUES (1100106, 'icon', 'mostrartipocalificador', '', 'mostrartipocalificador', 1003, 1);
INSERT INTO dat_accion (idaccion, icono, denominacion, descripcion, abreviatura, idfuncionalidad, iddominio)VALUES (1100107, 'icon', 'insertartipocalificador', '', 'insertartipocalificador', 1003, 1);
INSERT INTO dat_accion (idaccion, icono, denominacion, descripcion, abreviatura, idfuncionalidad, iddominio)VALUES (1100108, 'icon', 'modificartipocalificador', '', 'modificartipocalificador', 1003, 1);
INSERT INTO dat_accion (idaccion, icono, denominacion, descripcion, abreviatura, idfuncionalidad, iddominio)VALUES (1100109, 'icon', 'eliminartipocalificador', '', 'eliminartipocalificador', 1003, 1);
INSERT INTO dat_accion (idaccion, icono, denominacion, descripcion, abreviatura, idfuncionalidad, iddominio)VALUES (1100110, 'icon', 'verificarcombogradomilitar', '', 'verificarcombogradomilitar', 1003, 1);
INSERT INTO dat_accion (idaccion, icono, denominacion, descripcion, abreviatura, idfuncionalidad, iddominio)VALUES (1100111, 'icon', 'mostrargradomilitar', '', 'mostrargradomilitar', 1003, 1);
INSERT INTO dat_accion (idaccion, icono, denominacion, descripcion, abreviatura, idfuncionalidad, iddominio)VALUES (1100112, 'icon', 'mgradomilitar', '', 'mgradomilitar', 1003, 1);
INSERT INTO dat_accion (idaccion, icono, denominacion, descripcion, abreviatura, idfuncionalidad, iddominio)VALUES (1100113, 'icon', 'insertargradomilitar', '', 'insertargradomilitar', 1003, 1);
INSERT INTO dat_accion (idaccion, icono, denominacion, descripcion, abreviatura, idfuncionalidad, iddominio)VALUES (1100114, 'icon', 'modificargradomilitar', '', 'modificargradomilitar', 1003, 1);
INSERT INTO dat_accion (idaccion, icono, denominacion, descripcion, abreviatura, idfuncionalidad, iddominio)VALUES (1100115, 'icon', 'eliminargradomilitar', '', 'eliminargradomilitar', 1003, 1);
INSERT INTO dat_accion (idaccion, icono, denominacion, descripcion, abreviatura, idfuncionalidad, iddominio)VALUES (1100116, 'icon', 'mostraresp', '', 'mostraresp', 1003, 1);
INSERT INTO dat_accion (idaccion, icono, denominacion, descripcion, abreviatura, idfuncionalidad, iddominio)VALUES (1100117, 'icon', 'mostrartiposeav', '', 'mostrartiposeav', 1003, 1);
INSERT INTO dat_accion (idaccion, icono, denominacion, descripcion, abreviatura, idfuncionalidad, iddominio)VALUES (1100118, 'icon', 'insertarorganos', '', 'insertarorganos', 1003, 1);
INSERT INTO dat_accion (idaccion, icono, denominacion, descripcion, abreviatura, idfuncionalidad, iddominio)VALUES (1100119, 'icon', 'verificarcomboorgano', '', 'verificarcomboorgano', 1003, 1);
INSERT INTO dat_accion (idaccion, icono, denominacion, descripcion, abreviatura, idfuncionalidad, iddominio)VALUES (1100120, 'icon', 'mostrarorganos', '', 'mostrarorganos', 1003, 1);
INSERT INTO dat_accion (idaccion, icono, denominacion, descripcion, abreviatura, idfuncionalidad, iddominio)VALUES (1100121, 'icon', 'modificarorganos', '', 'modificarorganos', 1003, 1);
INSERT INTO dat_accion (idaccion, icono, denominacion, descripcion, abreviatura, idfuncionalidad, iddominio)VALUES (1100122, 'icon', 'eliminarorganos', '', 'eliminarorganos', 1003, 1);
INSERT INTO dat_accion (idaccion, icono, denominacion, descripcion, abreviatura, idfuncionalidad, iddominio)VALUES (1100123, 'icon', 'mostrarnvelestr', '', 'mostrarnvelestr', 1003, 1);
INSERT INTO dat_accion (idaccion, icono, denominacion, descripcion, abreviatura, idfuncionalidad, iddominio)VALUES (1100124, 'icon', 'insertarnvelestr', '', 'insertarnvelestr', 1003, 1);
INSERT INTO dat_accion (idaccion, icono, denominacion, descripcion, abreviatura, idfuncionalidad, iddominio)VALUES (1100125, 'icon', 'modificarnvelestr', '', 'modificarnvelestr', 1003, 1);
INSERT INTO dat_accion (idaccion, icono, denominacion, descripcion, abreviatura, idfuncionalidad, iddominio)VALUES (1100126, 'icon', 'eliminarnvelestr', '', 'eliminarnvelestr', 1003, 1);
INSERT INTO dat_accion (idaccion, icono, denominacion, descripcion, abreviatura, idfuncionalidad, iddominio)VALUES (1100127, 'icon', 'mostrarsbcategoria', '', 'mostrarsbcategoria', 1003, 1);
INSERT INTO dat_accion (idaccion, icono, denominacion, descripcion, abreviatura, idfuncionalidad, iddominio)VALUES (1100128, 'icon', 'insertarsbcategoria', '', 'insertarsbcategoria', 1003, 1);
INSERT INTO dat_accion (idaccion, icono, denominacion, descripcion, abreviatura, idfuncionalidad, iddominio)VALUES (1100129, 'icon', 'modificarsbcategoria', '', 'modificarsbcategoria', 1003, 1);
INSERT INTO dat_accion (idaccion, icono, denominacion, descripcion, abreviatura, idfuncionalidad, iddominio)VALUES (1100130, 'icon', 'eliminarsbcategoria', '', 'eliminarsbcategoria', 1003, 1);
INSERT INTO dat_accion (idaccion, icono, denominacion, descripcion, abreviatura, idfuncionalidad, iddominio)VALUES (1100131, 'icon', 'mostrartipocifra', '', 'mostrartipocifra', 1003, 1);
INSERT INTO dat_accion (idaccion, icono, denominacion, descripcion, abreviatura, idfuncionalidad, iddominio)VALUES (1100132, 'icon', 'insertartipocifra', '', 'insertartipocifra', 1003, 1);
INSERT INTO dat_accion (idaccion, icono, denominacion, descripcion, abreviatura, idfuncionalidad, iddominio)VALUES (1100133, 'icon', 'modificartipocifra', '', 'modificartipocifra', 1003, 1);
INSERT INTO dat_accion (idaccion, icono, denominacion, descripcion, abreviatura, idfuncionalidad, iddominio)VALUES (1100134, 'icon', 'eliminartipocifra', '', 'eliminartipocifra', 1003, 1);
INSERT INTO dat_accion (idaccion, icono, denominacion, descripcion, abreviatura, idfuncionalidad, iddominio)VALUES (1100135, 'icon', 'mostrarcatgriacvil', '', 'mostrarcatgriacvil', 1003, 1);
INSERT INTO dat_accion (idaccion, icono, denominacion, descripcion, abreviatura, idfuncionalidad, iddominio)VALUES (1100136, 'icon', 'insertarcatgriacvil', '', 'insertarcatgriacvil', 1003, 1);
INSERT INTO dat_accion (idaccion, icono, denominacion, descripcion, abreviatura, idfuncionalidad, iddominio)VALUES (1100137, 'icon', 'modificarcatgriacvil', '', 'modificarcatgriacvil', 1003, 1);
INSERT INTO dat_accion (idaccion, icono, denominacion, descripcion, abreviatura, idfuncionalidad, iddominio)VALUES (1100138, 'icon', 'eliminarcatgriacvil', '', 'eliminarcatgriacvil', 1003, 1);
INSERT INTO dat_accion (idaccion, icono, denominacion, descripcion, abreviatura, idfuncionalidad, iddominio)VALUES (1100139, 'icon', 'mostrarcatgriaocpnal', '', 'mostrarcatgriaocpnal', 1003, 1);
INSERT INTO dat_accion (idaccion, icono, denominacion, descripcion, abreviatura, idfuncionalidad, iddominio)VALUES (1100140, 'icon', 'insertarcatgriaocpnal', '', 'insertarcatgriaocpnal', 1003, 1);
INSERT INTO dat_accion (idaccion, icono, denominacion, descripcion, abreviatura, idfuncionalidad, iddominio)VALUES (1100141, 'icon', 'modificarcatgriaocpnal', '', 'modificarcatgriaocpnal', 1003, 1);
INSERT INTO dat_accion (idaccion, icono, denominacion, descripcion, abreviatura, idfuncionalidad, iddominio)VALUES (1100142, 'icon', 'eliminarcatgriaocpnal', '', 'eliminarcatgriaocpnal', 1003, 1);
INSERT INTO dat_accion (idaccion, icono, denominacion, descripcion, abreviatura, idfuncionalidad, iddominio)VALUES (1100143, 'icon', 'mostrarpmilitar', '', 'mostrarpmilitar', 1003, 1);
INSERT INTO dat_accion (idaccion, icono, denominacion, descripcion, abreviatura, idfuncionalidad, iddominio)VALUES (1100144, 'icon', 'insertarpmilitar', '', 'insertarpmilitar', 1003, 1);
INSERT INTO dat_accion (idaccion, icono, denominacion, descripcion, abreviatura, idfuncionalidad, iddominio)VALUES (1100145, 'icon', 'modificarpmilitar', '', 'modificarpmilitar', 1003, 1);
INSERT INTO dat_accion (idaccion, icono, denominacion, descripcion, abreviatura, idfuncionalidad, iddominio)VALUES (1100146, 'icon', 'eliminarpmilitar', '', 'eliminarpmilitar', 1003, 1);
INSERT INTO dat_accion (idaccion, icono, denominacion, descripcion, abreviatura, idfuncionalidad, iddominio)VALUES (1100147, 'icon', 'mostrarnmodulo', '', 'mostrarnmodulo', 1003, 1);
INSERT INTO dat_accion (idaccion, icono, denominacion, descripcion, abreviatura, idfuncionalidad, iddominio)VALUES (1100148, 'icon', 'insertarnmodulo', '', 'insertarnmodulo', 1003, 1);
INSERT INTO dat_accion (idaccion, icono, denominacion, descripcion, abreviatura, idfuncionalidad, iddominio)VALUES (1100149, 'icon', 'modificarnmodulo', '', 'modificarnmodulo', 1003, 1);
INSERT INTO dat_accion (idaccion, icono, denominacion, descripcion, abreviatura, idfuncionalidad, iddominio)VALUES (1100150, 'icon', 'eliminarnmodulo', '', 'eliminarnmodulo', 1003, 1);
INSERT INTO dat_accion (idaccion, icono, denominacion, descripcion, abreviatura, idfuncionalidad, iddominio)VALUES (1100151, 'icon', 'mostrarntecnica', '', 'mostrarntecnica', 1003, 1);
INSERT INTO dat_accion (idaccion, icono, denominacion, descripcion, abreviatura, idfuncionalidad, iddominio)VALUES (1100152, 'icon', 'insertarntecnica', '', 'insertarntecnica', 1003, 1);
INSERT INTO dat_accion (idaccion, icono, denominacion, descripcion, abreviatura, idfuncionalidad, iddominio)VALUES (1100153, 'icon', 'modificarntecnica', '', 'modificarntecnica', 1003, 1);
INSERT INTO dat_accion (idaccion, icono, denominacion, descripcion, abreviatura, idfuncionalidad, iddominio)VALUES (1100154, 'icon', 'eliminarntecnica', '', 'eliminarntecnica', 1003, 1);
INSERT INTO dat_accion (idaccion, icono, denominacion, descripcion, abreviatura, idfuncionalidad, iddominio)VALUES (1100155, 'icon', 'mostrarcargomtar', '', 'mostrarcargomtar', 1003, 1);
INSERT INTO dat_accion (idaccion, icono, denominacion, descripcion, abreviatura, idfuncionalidad, iddominio)VALUES (1100156, 'icon', 'insertarcargomtar', '', 'insertarcargomtar', 1003, 1);
INSERT INTO dat_accion (idaccion, icono, denominacion, descripcion, abreviatura, idfuncionalidad, iddominio)VALUES (1100157, 'icon', 'modificarcargomtar', '', 'modificarcargomtar', 1003, 1);
INSERT INTO dat_accion (idaccion, icono, denominacion, descripcion, abreviatura, idfuncionalidad, iddominio)VALUES (1100158, 'icon', 'eliminarcargomtar', '', 'eliminarcargomtar', 1003, 1);
INSERT INTO dat_accion (idaccion, icono, denominacion, descripcion, abreviatura, idfuncionalidad, iddominio)VALUES (1100159, 'icon', 'verificarcombocargomilitar', '', 'verificarcombocargomilitar', 1003, 1);
INSERT INTO dat_accion (idaccion, icono, denominacion, descripcion, abreviatura, idfuncionalidad, iddominio)VALUES (1100160, 'icon', 'verificarcombocargocivil', '', 'verificarcombocargocivil', 1003, 1);
INSERT INTO dat_accion (idaccion, icono, denominacion, descripcion, abreviatura, idfuncionalidad, iddominio)VALUES (1100161, 'icon', 'mostrarcargocivil', '', 'mostrarcargocivil', 1003, 1);
INSERT INTO dat_accion (idaccion, icono, denominacion, descripcion, abreviatura, idfuncionalidad, iddominio)VALUES (1100162, 'icon', 'insertarcargocivil', '', 'insertarcargocivil', 1003, 1);
INSERT INTO dat_accion (idaccion, icono, denominacion, descripcion, abreviatura, idfuncionalidad, iddominio)VALUES (1100163, 'icon', 'modificarcargocivil', '', 'modificarcargocivil', 1003, 1);
INSERT INTO dat_accion (idaccion, icono, denominacion, descripcion, abreviatura, idfuncionalidad, iddominio)VALUES (1100164, 'icon', 'eliminarcargocivil', '', 'eliminarcargocivil', 1003, 1);
INSERT INTO dat_accion (idaccion, icono, denominacion, descripcion, abreviatura, idfuncionalidad, iddominio)VALUES (1100165, 'icon', 'mostrarnagrupacion', '', 'mostrarnagrupacion', 1003, 1);
INSERT INTO dat_accion (idaccion, icono, denominacion, descripcion, abreviatura, idfuncionalidad, iddominio)VALUES (1100166, 'icon', 'insertarnagrupacion', '', 'insertarnagrupacion', 1003, 1);
INSERT INTO dat_accion (idaccion, icono, denominacion, descripcion, abreviatura, idfuncionalidad, iddominio)VALUES (1100167, 'icon', 'modificarnagrupacion', '', 'modificarnagrupacion', 1003, 1);
INSERT INTO dat_accion (idaccion, icono, denominacion, descripcion, abreviatura, idfuncionalidad, iddominio)VALUES (1100168, 'icon', 'eliminarnagrupacion', '', 'eliminarnagrupacion', 1003, 1);
INSERT INTO dat_accion (idaccion, icono, denominacion, descripcion, abreviatura, idfuncionalidad, iddominio)VALUES (1100169, 'icon', 'insertarescalasalarial', '', 'insertarescalasalarial', 1003, 1);
INSERT INTO dat_accion (idaccion, icono, denominacion, descripcion, abreviatura, idfuncionalidad, iddominio)VALUES (1100170, 'icon', 'mostrarescalasalarial', '', 'mostrarescalasalarial', 1003, 1);
INSERT INTO dat_accion (idaccion, icono, denominacion, descripcion, abreviatura, idfuncionalidad, iddominio)VALUES (1100171, 'icon', 'modificarescalasalarial', '', 'modificarescalasalarial', 1003, 1);
INSERT INTO dat_accion (idaccion, icono, denominacion, descripcion, abreviatura, idfuncionalidad, iddominio)VALUES (1100172, 'icon', 'eliminarescalasalarial', '', 'eliminarescalasalarial', 1003, 1);
INSERT INTO dat_accion (idaccion, icono, denominacion, descripcion, abreviatura, idfuncionalidad, iddominio)VALUES (1100173, 'icon', 'insertarsalario', '', 'insertarsalario', 1003, 1);
INSERT INTO dat_accion (idaccion, icono, denominacion, descripcion, abreviatura, idfuncionalidad, iddominio)VALUES (1100174, 'icon', 'verificarcombosalario', '', 'verificarcombosalario', 1003, 1);
INSERT INTO dat_accion (idaccion, icono, denominacion, descripcion, abreviatura, idfuncionalidad, iddominio)VALUES (1100175, 'icon', 'mostrarsalario', '', 'mostrarsalario', 1003, 1);
INSERT INTO dat_accion (idaccion, icono, denominacion, descripcion, abreviatura, idfuncionalidad, iddominio)VALUES (1100176, 'icon', 'modificarsalario', '', 'modificarsalario', 1003, 1);
INSERT INTO dat_accion (idaccion, icono, denominacion, descripcion, abreviatura, idfuncionalidad, iddominio)VALUES (1100177, 'icon', 'eliminarsalario', '', 'eliminarsalario', 1003, 1);
INSERT INTO dat_accion (idaccion, icono, denominacion, descripcion, abreviatura, idfuncionalidad, iddominio)VALUES (1100178, 'icon', 'insertargrupocomplejidad', '', 'insertargrupocomplejidad', 1003, 1);
INSERT INTO dat_accion (idaccion, icono, denominacion, descripcion, abreviatura, idfuncionalidad, iddominio)VALUES (1100179, 'icon', 'mostrargrupocomplejidad', '', 'mostrargrupocomplejidad', 1003, 1);
INSERT INTO dat_accion (idaccion, icono, denominacion, descripcion, abreviatura, idfuncionalidad, iddominio)VALUES (1100180, 'icon', 'modificargrupocomplejidad', '', 'modificargrupocomplejidad', 1003, 1);
INSERT INTO dat_accion (idaccion, icono, denominacion, descripcion, abreviatura, idfuncionalidad, iddominio)VALUES (1100181, 'icon', 'eliminargrupocomplejidad', '', 'eliminargrupocomplejidad', 1003, 1);
INSERT INTO dat_accion (idaccion, icono, denominacion, descripcion, abreviatura, idfuncionalidad, iddominio)VALUES (1100182, 'icon', 'insertarnivelutilizacion', '', 'insertarnivelutilizacion', 1003, 1);
INSERT INTO dat_accion (idaccion, icono, denominacion, descripcion, abreviatura, idfuncionalidad, iddominio)VALUES (1100183, 'icon', 'mostrarnivelutilizacion', '', 'mostrarnivelutilizacion', 1003, 1);
INSERT INTO dat_accion (idaccion, icono, denominacion, descripcion, abreviatura, idfuncionalidad, iddominio)VALUES (1100184, 'icon', 'modificarnivelutilizacion', '', 'modificarnivelutilizacion', 1003, 1);
INSERT INTO dat_accion (idaccion, icono, denominacion, descripcion, abreviatura, idfuncionalidad, iddominio)VALUES (1100185, 'icon', 'eliminarnivelutilizacion', '', 'eliminarnivelutilizacion', 1003, 1);
INSERT INTO dat_accion (idaccion, icono, denominacion, descripcion, abreviatura, idfuncionalidad, iddominio)VALUES (1100186, 'icon', 'mostrarclasificacion', '', 'mostrarclasificacion', 1003, 1);
INSERT INTO dat_accion (idaccion, icono, denominacion, descripcion, abreviatura, idfuncionalidad, iddominio)VALUES (1100187, 'icon', 'insertarclasificacion', '', 'insertarclasificacion', 1003, 1);
INSERT INTO dat_accion (idaccion, icono, denominacion, descripcion, abreviatura, idfuncionalidad, iddominio)VALUES (1100188, 'icon', 'modificarclasificacion', '', 'modificarclasificacion', 1003, 1);
INSERT INTO dat_accion (idaccion, icono, denominacion, descripcion, abreviatura, idfuncionalidad, iddominio)VALUES (1100189, 'icon', 'eliminarclasificacion', '', 'eliminarclasificacion', 1003, 1);
INSERT INTO dat_accion (idaccion, icono, denominacion, descripcion, abreviatura, idfuncionalidad, iddominio)VALUES (1100190, 'icon', 'hijoespecialidad', '', 'hijoespecialidad', 1003, 1);
INSERT INTO dat_accion (idaccion, icono, denominacion, descripcion, abreviatura, idfuncionalidad, iddominio)VALUES (1001, 'icon', 'Mostrar reportes', 'Muestra los reportes de Estructura y Composición', 'mreporte', 1005, 1);
INSERT INTO dat_accion (idaccion, icono, denominacion, descripcion, abreviatura, idfuncionalidad, iddominio)VALUES (1100191, 'icon', 'buscarhijos', '', 'buscarhijos', 1005, 1);
INSERT INTO dat_accion (idaccion, icono, denominacion, descripcion, abreviatura, idfuncionalidad, iddominio)VALUES (1100192, 'icon', 'buscarhijosreportes', '', 'buscarhijosreportes', 1005, 1);
INSERT INTO dat_accion (idaccion, icono, denominacion, descripcion, abreviatura, idfuncionalidad, iddominio)VALUES (1100193, 'icon', 'buscarcomposicion', '', 'buscarcomposicion', 1005, 1);
INSERT INTO dat_accion (idaccion, icono, denominacion, descripcion, abreviatura, idfuncionalidad, iddominio)VALUES (1100194, 'icon', 'guardarorganigrama', '', 'guardarorganigrama', 1005, 1);
INSERT INTO dat_accion (idaccion, icono, denominacion, descripcion, abreviatura, idfuncionalidad, iddominio)VALUES (1100195, 'icon', 'modificarnombreorganigrama', '', 'modificarnombreorganigrama', 1005, 1);
INSERT INTO dat_accion (idaccion, icono, denominacion, descripcion, abreviatura, idfuncionalidad, iddominio)VALUES (1100196, 'icon', 'eliminarorganigrama', '', 'eliminarorganigrama', 1005, 1);
INSERT INTO dat_accion (idaccion, icono, denominacion, descripcion, abreviatura, idfuncionalidad, iddominio)VALUES (1100197, 'icon', 'mostrarorganigramas', '', 'mostrarorganigramas', 1005, 1);
INSERT INTO dat_accion (idaccion, icono, denominacion, descripcion, abreviatura, idfuncionalidad, iddominio)VALUES (1100198, 'icon', 'recuperarorganigrama', '', 'recuperarorganigrama', 1005, 1);
INSERT INTO dat_accion (idaccion, icono, denominacion, descripcion, abreviatura, idfuncionalidad, iddominio)VALUES (1100199, 'icon', 'gestionarreportes', '', 'gestionarreportes', 1005, 1);
INSERT INTO dat_accion (idaccion, icono, denominacion, descripcion, abreviatura, idfuncionalidad, iddominio)VALUES (1100200, 'icon', 'geticon', '', 'geticon', 1005, 1);
INSERT INTO dat_accion (idaccion, icono, denominacion, descripcion, abreviatura, idfuncionalidad, iddominio)VALUES (1100201, 'icon', 'mostarnivel', '', 'mostarnivel', 1005, 1);
INSERT INTO dat_accion (idaccion, icono, denominacion, descripcion, abreviatura, idfuncionalidad, iddominio)VALUES (1100202, 'icon', 'cargosporarea', '', 'cargosporarea', 1005, 1);
INSERT INTO dat_accion (idaccion, icono, denominacion, descripcion, abreviatura, idfuncionalidad, iddominio)VALUES (1100203, 'icon', 'frepplantillacargos', '', 'frepplantillacargos', 1005, 1);
INSERT INTO dat_accion (idaccion, icono, denominacion, descripcion, abreviatura, idfuncionalidad, iddominio)VALUES (1100204, 'icon', 'frepcargosporgrupocomple', '', 'frepcargosporgrupocomple', 1005, 1);
INSERT INTO dat_accion (idaccion, icono, denominacion, descripcion, abreviatura, idfuncionalidad, iddominio)VALUES (1100205, 'icon', 'mostrarreporte', '', 'mostrarreporte', 1005, 1);
INSERT INTO dat_accion (idaccion, icono, denominacion, descripcion, abreviatura, idfuncionalidad, iddominio)VALUES (1100206, 'icon', 'mostrarreportesusuario', '', 'mostrarreportesusuario', 1005, 1);
INSERT INTO dat_accion (idaccion, icono, denominacion, descripcion, abreviatura, idfuncionalidad, iddominio)VALUES (1100207, 'icon', 'obteneridestructura', '', 'obteneridestructura', 1005, 1);
INSERT INTO dat_accion (idaccion, icono, denominacion, descripcion, abreviatura, idfuncionalidad, iddominio)VALUES (1100208, 'icon', 'mostrarcalificador', '', 'mostrarcalificador', 1005, 1);
INSERT INTO dat_accion (idaccion, icono, denominacion, descripcion, abreviatura, idfuncionalidad, iddominio)VALUES (1100209, 'icon', 'obtenerformatodocumento', '', 'obtenerformatodocumento', 1005, 1);
INSERT INTO dat_accion (idaccion, icono, denominacion, descripcion, abreviatura, idfuncionalidad, iddominio)VALUES (1100210, 'icon', 'verificarcomboclasificadordecargos', '', 'verificarcomboclasificadordecargos', 1003, 1);
INSERT INTO dat_accion (idaccion, icono, denominacion, descripcion, abreviatura, idfuncionalidad, iddominio)VALUES (1100211, 'icon', 'frepcargosareascategocupacional', '', 'frepcargosareascategocupacional', 1005, 1);
INSERT INTO dat_accion (idaccion, icono, denominacion, descripcion, abreviatura, idfuncionalidad, iddominio)VALUES (1100212, 'icon', 'fmreprelacionentidadesperfeccionamiento', '', 'fmreprelacionentidadesperfeccionamiento', 1005, 1);


INSERT INTO dat_sistema_seg_rol (idrol, idsistema) VALUES (10000000001,101);

INSERT INTO dat_sistema_seg_rol_dat_funcionalidad (idfuncionalidad, idrol, idsistema) VALUES (1001, 10000000001, 101);
INSERT INTO dat_sistema_seg_rol_dat_funcionalidad (idfuncionalidad, idrol, idsistema) VALUES (1002, 10000000001, 101);
INSERT INTO dat_sistema_seg_rol_dat_funcionalidad (idfuncionalidad, idrol, idsistema) VALUES (1003, 10000000001, 101);
INSERT INTO dat_sistema_seg_rol_dat_funcionalidad (idfuncionalidad, idrol, idsistema) VALUES (1004, 10000000001, 101);
INSERT INTO dat_sistema_seg_rol_dat_funcionalidad (idfuncionalidad, idrol, idsistema) VALUES (1005, 10000000001, 101);

INSERT INTO dat_sistema_seg_rol_dat_funcionalidad_dat_accion (idaccion, idfuncionalidad, idrol, idsistema) VALUES (1100003, 1001, 10000000001, 101);
INSERT INTO dat_sistema_seg_rol_dat_funcionalidad_dat_accion (idaccion, idfuncionalidad, idrol, idsistema) VALUES (1100004, 1001, 10000000001, 101);
INSERT INTO dat_sistema_seg_rol_dat_funcionalidad_dat_accion (idaccion, idfuncionalidad, idrol, idsistema) VALUES (1100005, 1001, 10000000001, 101);
INSERT INTO dat_sistema_seg_rol_dat_funcionalidad_dat_accion (idaccion, idfuncionalidad, idrol, idsistema) VALUES (1100006, 1001, 10000000001, 101);
INSERT INTO dat_sistema_seg_rol_dat_funcionalidad_dat_accion (idaccion, idfuncionalidad, idrol, idsistema) VALUES (1100007, 1001, 10000000001, 101);
INSERT INTO dat_sistema_seg_rol_dat_funcionalidad_dat_accion (idaccion, idfuncionalidad, idrol, idsistema) VALUES (1100008, 1001, 10000000001, 101);
INSERT INTO dat_sistema_seg_rol_dat_funcionalidad_dat_accion (idaccion, idfuncionalidad, idrol, idsistema) VALUES (1100009, 1001, 10000000001, 101);
INSERT INTO dat_sistema_seg_rol_dat_funcionalidad_dat_accion (idaccion, idfuncionalidad, idrol, idsistema) VALUES (1100010, 1001, 10000000001, 101);
INSERT INTO dat_sistema_seg_rol_dat_funcionalidad_dat_accion (idaccion, idfuncionalidad, idrol, idsistema) VALUES (1100011, 1001, 10000000001, 101);
INSERT INTO dat_sistema_seg_rol_dat_funcionalidad_dat_accion (idaccion, idfuncionalidad, idrol, idsistema) VALUES (1100012, 1001, 10000000001, 101);
INSERT INTO dat_sistema_seg_rol_dat_funcionalidad_dat_accion (idaccion, idfuncionalidad, idrol, idsistema) VALUES (1100013, 1001, 10000000001, 101);
INSERT INTO dat_sistema_seg_rol_dat_funcionalidad_dat_accion (idaccion, idfuncionalidad, idrol, idsistema) VALUES (1100014, 1001, 10000000001, 101);
INSERT INTO dat_sistema_seg_rol_dat_funcionalidad_dat_accion (idaccion, idfuncionalidad, idrol, idsistema) VALUES (1100015, 1001, 10000000001, 101);
INSERT INTO dat_sistema_seg_rol_dat_funcionalidad_dat_accion (idaccion, idfuncionalidad, idrol, idsistema) VALUES (1100016, 1001, 10000000001, 101);
INSERT INTO dat_sistema_seg_rol_dat_funcionalidad_dat_accion (idaccion, idfuncionalidad, idrol, idsistema) VALUES (1100017, 1001, 10000000001, 101);
INSERT INTO dat_sistema_seg_rol_dat_funcionalidad_dat_accion (idaccion, idfuncionalidad, idrol, idsistema) VALUES (1100018, 1001, 10000000001, 101);
INSERT INTO dat_sistema_seg_rol_dat_funcionalidad_dat_accion (idaccion, idfuncionalidad, idrol, idsistema) VALUES (1100019, 1001, 10000000001, 101);
INSERT INTO dat_sistema_seg_rol_dat_funcionalidad_dat_accion (idaccion, idfuncionalidad, idrol, idsistema) VALUES (1100020, 1001, 10000000001, 101);
INSERT INTO dat_sistema_seg_rol_dat_funcionalidad_dat_accion (idaccion, idfuncionalidad, idrol, idsistema) VALUES (1100021, 1001, 10000000001, 101);
INSERT INTO dat_sistema_seg_rol_dat_funcionalidad_dat_accion (idaccion, idfuncionalidad, idrol, idsistema) VALUES (1100022, 1001, 10000000001, 101);
INSERT INTO dat_sistema_seg_rol_dat_funcionalidad_dat_accion (idaccion, idfuncionalidad, idrol, idsistema) VALUES (1100023, 1001, 10000000001, 101);
INSERT INTO dat_sistema_seg_rol_dat_funcionalidad_dat_accion (idaccion, idfuncionalidad, idrol, idsistema) VALUES (1100024, 1002, 10000000001, 101);
INSERT INTO dat_sistema_seg_rol_dat_funcionalidad_dat_accion (idaccion, idfuncionalidad, idrol, idsistema) VALUES (1100025, 1002, 10000000001, 101);
INSERT INTO dat_sistema_seg_rol_dat_funcionalidad_dat_accion (idaccion, idfuncionalidad, idrol, idsistema) VALUES (1100026, 1002, 10000000001, 101);
INSERT INTO dat_sistema_seg_rol_dat_funcionalidad_dat_accion (idaccion, idfuncionalidad, idrol, idsistema) VALUES (1100027, 1002, 10000000001, 101);
INSERT INTO dat_sistema_seg_rol_dat_funcionalidad_dat_accion (idaccion, idfuncionalidad, idrol, idsistema) VALUES (1100028, 1002, 10000000001, 101);
INSERT INTO dat_sistema_seg_rol_dat_funcionalidad_dat_accion (idaccion, idfuncionalidad, idrol, idsistema) VALUES (1100029, 1002, 10000000001, 101);
INSERT INTO dat_sistema_seg_rol_dat_funcionalidad_dat_accion (idaccion, idfuncionalidad, idrol, idsistema) VALUES (1100030, 1002, 10000000001, 101);
INSERT INTO dat_sistema_seg_rol_dat_funcionalidad_dat_accion (idaccion, idfuncionalidad, idrol, idsistema) VALUES (1100031, 1002, 10000000001, 101);
INSERT INTO dat_sistema_seg_rol_dat_funcionalidad_dat_accion (idaccion, idfuncionalidad, idrol, idsistema) VALUES (1100032, 1002, 10000000001, 101);
INSERT INTO dat_sistema_seg_rol_dat_funcionalidad_dat_accion (idaccion, idfuncionalidad, idrol, idsistema) VALUES (1100033, 1002, 10000000001, 101);
INSERT INTO dat_sistema_seg_rol_dat_funcionalidad_dat_accion (idaccion, idfuncionalidad, idrol, idsistema) VALUES (1100034, 1002, 10000000001, 101);
INSERT INTO dat_sistema_seg_rol_dat_funcionalidad_dat_accion (idaccion, idfuncionalidad, idrol, idsistema) VALUES (1100035, 1002, 10000000001, 101);
INSERT INTO dat_sistema_seg_rol_dat_funcionalidad_dat_accion (idaccion, idfuncionalidad, idrol, idsistema) VALUES (1100036, 1002, 10000000001, 101);
INSERT INTO dat_sistema_seg_rol_dat_funcionalidad_dat_accion (idaccion, idfuncionalidad, idrol, idsistema) VALUES (1100037, 1002, 10000000001, 101);
INSERT INTO dat_sistema_seg_rol_dat_funcionalidad_dat_accion (idaccion, idfuncionalidad, idrol, idsistema) VALUES (1100038, 1002, 10000000001, 101);
INSERT INTO dat_sistema_seg_rol_dat_funcionalidad_dat_accion (idaccion, idfuncionalidad, idrol, idsistema) VALUES (1100039, 1002, 10000000001, 101);
INSERT INTO dat_sistema_seg_rol_dat_funcionalidad_dat_accion (idaccion, idfuncionalidad, idrol, idsistema) VALUES (1100040, 1002, 10000000001, 101);
INSERT INTO dat_sistema_seg_rol_dat_funcionalidad_dat_accion (idaccion, idfuncionalidad, idrol, idsistema) VALUES (1100041, 1002, 10000000001, 101);
INSERT INTO dat_sistema_seg_rol_dat_funcionalidad_dat_accion (idaccion, idfuncionalidad, idrol, idsistema) VALUES (1100042, 1002, 10000000001, 101);
INSERT INTO dat_sistema_seg_rol_dat_funcionalidad_dat_accion (idaccion, idfuncionalidad, idrol, idsistema) VALUES (1100043, 1002, 10000000001, 101);
INSERT INTO dat_sistema_seg_rol_dat_funcionalidad_dat_accion (idaccion, idfuncionalidad, idrol, idsistema) VALUES (1100044, 1002, 10000000001, 101);
INSERT INTO dat_sistema_seg_rol_dat_funcionalidad_dat_accion (idaccion, idfuncionalidad, idrol, idsistema) VALUES (1100045, 1002, 10000000001, 101);
INSERT INTO dat_sistema_seg_rol_dat_funcionalidad_dat_accion (idaccion, idfuncionalidad, idrol, idsistema) VALUES (1100046, 1002, 10000000001, 101);
INSERT INTO dat_sistema_seg_rol_dat_funcionalidad_dat_accion (idaccion, idfuncionalidad, idrol, idsistema) VALUES (1100047, 1002, 10000000001, 101);
INSERT INTO dat_sistema_seg_rol_dat_funcionalidad_dat_accion (idaccion, idfuncionalidad, idrol, idsistema) VALUES (1100048, 1002, 10000000001, 101);
INSERT INTO dat_sistema_seg_rol_dat_funcionalidad_dat_accion (idaccion, idfuncionalidad, idrol, idsistema) VALUES (1100049, 1002, 10000000001, 101);
INSERT INTO dat_sistema_seg_rol_dat_funcionalidad_dat_accion (idaccion, idfuncionalidad, idrol, idsistema) VALUES (1100050, 1002, 10000000001, 101);
INSERT INTO dat_sistema_seg_rol_dat_funcionalidad_dat_accion (idaccion, idfuncionalidad, idrol, idsistema) VALUES (1100051, 1002, 10000000001, 101);
INSERT INTO dat_sistema_seg_rol_dat_funcionalidad_dat_accion (idaccion, idfuncionalidad, idrol, idsistema) VALUES (1100052, 1002, 10000000001, 101);
INSERT INTO dat_sistema_seg_rol_dat_funcionalidad_dat_accion (idaccion, idfuncionalidad, idrol, idsistema) VALUES (1100053, 1002, 10000000001, 101);
INSERT INTO dat_sistema_seg_rol_dat_funcionalidad_dat_accion (idaccion, idfuncionalidad, idrol, idsistema) VALUES (1100054, 1002, 10000000001, 101);
INSERT INTO dat_sistema_seg_rol_dat_funcionalidad_dat_accion (idaccion, idfuncionalidad, idrol, idsistema) VALUES (1100055, 1002, 10000000001, 101);
INSERT INTO dat_sistema_seg_rol_dat_funcionalidad_dat_accion (idaccion, idfuncionalidad, idrol, idsistema) VALUES (1100056, 1002, 10000000001, 101);
INSERT INTO dat_sistema_seg_rol_dat_funcionalidad_dat_accion (idaccion, idfuncionalidad, idrol, idsistema) VALUES (1100057, 1002, 10000000001, 101);
INSERT INTO dat_sistema_seg_rol_dat_funcionalidad_dat_accion (idaccion, idfuncionalidad, idrol, idsistema) VALUES (1100058, 1002, 10000000001, 101);
INSERT INTO dat_sistema_seg_rol_dat_funcionalidad_dat_accion (idaccion, idfuncionalidad, idrol, idsistema) VALUES (1100059, 1002, 10000000001, 101);
INSERT INTO dat_sistema_seg_rol_dat_funcionalidad_dat_accion (idaccion, idfuncionalidad, idrol, idsistema) VALUES (1100060, 1002, 10000000001, 101);
INSERT INTO dat_sistema_seg_rol_dat_funcionalidad_dat_accion (idaccion, idfuncionalidad, idrol, idsistema) VALUES (1100061, 1002, 10000000001, 101);
INSERT INTO dat_sistema_seg_rol_dat_funcionalidad_dat_accion (idaccion, idfuncionalidad, idrol, idsistema) VALUES (1100062, 1002, 10000000001, 101);
INSERT INTO dat_sistema_seg_rol_dat_funcionalidad_dat_accion (idaccion, idfuncionalidad, idrol, idsistema) VALUES (1100063, 1002, 10000000001, 101);
INSERT INTO dat_sistema_seg_rol_dat_funcionalidad_dat_accion (idaccion, idfuncionalidad, idrol, idsistema) VALUES (1100064, 1002, 10000000001, 101);
INSERT INTO dat_sistema_seg_rol_dat_funcionalidad_dat_accion (idaccion, idfuncionalidad, idrol, idsistema) VALUES (1100065, 1002, 10000000001, 101);
INSERT INTO dat_sistema_seg_rol_dat_funcionalidad_dat_accion (idaccion, idfuncionalidad, idrol, idsistema) VALUES (1100066, 1002, 10000000001, 101);
INSERT INTO dat_sistema_seg_rol_dat_funcionalidad_dat_accion (idaccion, idfuncionalidad, idrol, idsistema) VALUES (1100067, 1002, 10000000001, 101);
INSERT INTO dat_sistema_seg_rol_dat_funcionalidad_dat_accion (idaccion, idfuncionalidad, idrol, idsistema) VALUES (1100068, 1002, 10000000001, 101);
INSERT INTO dat_sistema_seg_rol_dat_funcionalidad_dat_accion (idaccion, idfuncionalidad, idrol, idsistema) VALUES (1100069, 1002, 10000000001, 101);
INSERT INTO dat_sistema_seg_rol_dat_funcionalidad_dat_accion (idaccion, idfuncionalidad, idrol, idsistema) VALUES (1100070, 1002, 10000000001, 101);
INSERT INTO dat_sistema_seg_rol_dat_funcionalidad_dat_accion (idaccion, idfuncionalidad, idrol, idsistema) VALUES (1100071, 1002, 10000000001, 101);
INSERT INTO dat_sistema_seg_rol_dat_funcionalidad_dat_accion (idaccion, idfuncionalidad, idrol, idsistema) VALUES (1100072, 1002, 10000000001, 101);
INSERT INTO dat_sistema_seg_rol_dat_funcionalidad_dat_accion (idaccion, idfuncionalidad, idrol, idsistema) VALUES (1100073, 1002, 10000000001, 101);
INSERT INTO dat_sistema_seg_rol_dat_funcionalidad_dat_accion (idaccion, idfuncionalidad, idrol, idsistema) VALUES (1100074, 1002, 10000000001, 101);
INSERT INTO dat_sistema_seg_rol_dat_funcionalidad_dat_accion (idaccion, idfuncionalidad, idrol, idsistema) VALUES (1100075, 1002, 10000000001, 101);
INSERT INTO dat_sistema_seg_rol_dat_funcionalidad_dat_accion (idaccion, idfuncionalidad, idrol, idsistema) VALUES (1100076, 1002, 10000000001, 101);
INSERT INTO dat_sistema_seg_rol_dat_funcionalidad_dat_accion (idaccion, idfuncionalidad, idrol, idsistema) VALUES (1100077, 1002, 10000000001, 101);
INSERT INTO dat_sistema_seg_rol_dat_funcionalidad_dat_accion (idaccion, idfuncionalidad, idrol, idsistema) VALUES (1100078, 1002, 10000000001, 101);
INSERT INTO dat_sistema_seg_rol_dat_funcionalidad_dat_accion (idaccion, idfuncionalidad, idrol, idsistema) VALUES (1100079, 1002, 10000000001, 101);
INSERT INTO dat_sistema_seg_rol_dat_funcionalidad_dat_accion (idaccion, idfuncionalidad, idrol, idsistema) VALUES (1100080, 1002, 10000000001, 101);
INSERT INTO dat_sistema_seg_rol_dat_funcionalidad_dat_accion (idaccion, idfuncionalidad, idrol, idsistema) VALUES (1100081, 1002, 10000000001, 101);
INSERT INTO dat_sistema_seg_rol_dat_funcionalidad_dat_accion (idaccion, idfuncionalidad, idrol, idsistema) VALUES (1100082, 1002, 10000000001, 101);
INSERT INTO dat_sistema_seg_rol_dat_funcionalidad_dat_accion (idaccion, idfuncionalidad, idrol, idsistema) VALUES (1100093, 1003, 10000000001, 101);
INSERT INTO dat_sistema_seg_rol_dat_funcionalidad_dat_accion (idaccion, idfuncionalidad, idrol, idsistema) VALUES (1100094, 1003, 10000000001, 101);
INSERT INTO dat_sistema_seg_rol_dat_funcionalidad_dat_accion (idaccion, idfuncionalidad, idrol, idsistema) VALUES (1100095, 1003, 10000000001, 101);
INSERT INTO dat_sistema_seg_rol_dat_funcionalidad_dat_accion (idaccion, idfuncionalidad, idrol, idsistema) VALUES (1100096, 1003, 10000000001, 101);
INSERT INTO dat_sistema_seg_rol_dat_funcionalidad_dat_accion (idaccion, idfuncionalidad, idrol, idsistema) VALUES (1100097, 1003, 10000000001, 101);
INSERT INTO dat_sistema_seg_rol_dat_funcionalidad_dat_accion (idaccion, idfuncionalidad, idrol, idsistema) VALUES (1100098, 1003, 10000000001, 101);
INSERT INTO dat_sistema_seg_rol_dat_funcionalidad_dat_accion (idaccion, idfuncionalidad, idrol, idsistema) VALUES (1100099, 1003, 10000000001, 101);
INSERT INTO dat_sistema_seg_rol_dat_funcionalidad_dat_accion (idaccion, idfuncionalidad, idrol, idsistema) VALUES (1100100, 1003, 10000000001, 101);
INSERT INTO dat_sistema_seg_rol_dat_funcionalidad_dat_accion (idaccion, idfuncionalidad, idrol, idsistema) VALUES (1100101, 1003, 10000000001, 101);
INSERT INTO dat_sistema_seg_rol_dat_funcionalidad_dat_accion (idaccion, idfuncionalidad, idrol, idsistema) VALUES (1100102, 1003, 10000000001, 101);
INSERT INTO dat_sistema_seg_rol_dat_funcionalidad_dat_accion (idaccion, idfuncionalidad, idrol, idsistema) VALUES (1100103, 1003, 10000000001, 101);
INSERT INTO dat_sistema_seg_rol_dat_funcionalidad_dat_accion (idaccion, idfuncionalidad, idrol, idsistema) VALUES (1100104, 1003, 10000000001, 101);
INSERT INTO dat_sistema_seg_rol_dat_funcionalidad_dat_accion (idaccion, idfuncionalidad, idrol, idsistema) VALUES (1100105, 1003, 10000000001, 101);
INSERT INTO dat_sistema_seg_rol_dat_funcionalidad_dat_accion (idaccion, idfuncionalidad, idrol, idsistema) VALUES (1100106, 1003, 10000000001, 101);
INSERT INTO dat_sistema_seg_rol_dat_funcionalidad_dat_accion (idaccion, idfuncionalidad, idrol, idsistema) VALUES (1100107, 1003, 10000000001, 101);
INSERT INTO dat_sistema_seg_rol_dat_funcionalidad_dat_accion (idaccion, idfuncionalidad, idrol, idsistema) VALUES (1100108, 1003, 10000000001, 101);
INSERT INTO dat_sistema_seg_rol_dat_funcionalidad_dat_accion (idaccion, idfuncionalidad, idrol, idsistema) VALUES (1100109, 1003, 10000000001, 101);
INSERT INTO dat_sistema_seg_rol_dat_funcionalidad_dat_accion (idaccion, idfuncionalidad, idrol, idsistema) VALUES (1100110, 1003, 10000000001, 101);
INSERT INTO dat_sistema_seg_rol_dat_funcionalidad_dat_accion (idaccion, idfuncionalidad, idrol, idsistema) VALUES (1100111, 1003, 10000000001, 101);
INSERT INTO dat_sistema_seg_rol_dat_funcionalidad_dat_accion (idaccion, idfuncionalidad, idrol, idsistema) VALUES (1100112, 1003, 10000000001, 101);
INSERT INTO dat_sistema_seg_rol_dat_funcionalidad_dat_accion (idaccion, idfuncionalidad, idrol, idsistema) VALUES (1100113, 1003, 10000000001, 101);
INSERT INTO dat_sistema_seg_rol_dat_funcionalidad_dat_accion (idaccion, idfuncionalidad, idrol, idsistema) VALUES (1100114, 1003, 10000000001, 101);
INSERT INTO dat_sistema_seg_rol_dat_funcionalidad_dat_accion (idaccion, idfuncionalidad, idrol, idsistema) VALUES (1100115, 1003, 10000000001, 101);
INSERT INTO dat_sistema_seg_rol_dat_funcionalidad_dat_accion (idaccion, idfuncionalidad, idrol, idsistema) VALUES (1100116, 1003, 10000000001, 101);
INSERT INTO dat_sistema_seg_rol_dat_funcionalidad_dat_accion (idaccion, idfuncionalidad, idrol, idsistema) VALUES (1100117, 1003, 10000000001, 101);
INSERT INTO dat_sistema_seg_rol_dat_funcionalidad_dat_accion (idaccion, idfuncionalidad, idrol, idsistema) VALUES (1100118, 1003, 10000000001, 101);
INSERT INTO dat_sistema_seg_rol_dat_funcionalidad_dat_accion (idaccion, idfuncionalidad, idrol, idsistema) VALUES (1100119, 1003, 10000000001, 101);
INSERT INTO dat_sistema_seg_rol_dat_funcionalidad_dat_accion (idaccion, idfuncionalidad, idrol, idsistema) VALUES (1100120, 1003, 10000000001, 101);
INSERT INTO dat_sistema_seg_rol_dat_funcionalidad_dat_accion (idaccion, idfuncionalidad, idrol, idsistema) VALUES (1100121, 1003, 10000000001, 101);
INSERT INTO dat_sistema_seg_rol_dat_funcionalidad_dat_accion (idaccion, idfuncionalidad, idrol, idsistema) VALUES (1100122, 1003, 10000000001, 101);
INSERT INTO dat_sistema_seg_rol_dat_funcionalidad_dat_accion (idaccion, idfuncionalidad, idrol, idsistema) VALUES (1100123, 1003, 10000000001, 101);
INSERT INTO dat_sistema_seg_rol_dat_funcionalidad_dat_accion (idaccion, idfuncionalidad, idrol, idsistema) VALUES (1100124, 1003, 10000000001, 101);
INSERT INTO dat_sistema_seg_rol_dat_funcionalidad_dat_accion (idaccion, idfuncionalidad, idrol, idsistema) VALUES (1100125, 1003, 10000000001, 101);
INSERT INTO dat_sistema_seg_rol_dat_funcionalidad_dat_accion (idaccion, idfuncionalidad, idrol, idsistema) VALUES (1100126, 1003, 10000000001, 101);
INSERT INTO dat_sistema_seg_rol_dat_funcionalidad_dat_accion (idaccion, idfuncionalidad, idrol, idsistema) VALUES (1100127, 1003, 10000000001, 101);
INSERT INTO dat_sistema_seg_rol_dat_funcionalidad_dat_accion (idaccion, idfuncionalidad, idrol, idsistema) VALUES (1100128, 1003, 10000000001, 101);
INSERT INTO dat_sistema_seg_rol_dat_funcionalidad_dat_accion (idaccion, idfuncionalidad, idrol, idsistema) VALUES (1100129, 1003, 10000000001, 101);
INSERT INTO dat_sistema_seg_rol_dat_funcionalidad_dat_accion (idaccion, idfuncionalidad, idrol, idsistema) VALUES (1100130, 1003, 10000000001, 101);
INSERT INTO dat_sistema_seg_rol_dat_funcionalidad_dat_accion (idaccion, idfuncionalidad, idrol, idsistema) VALUES (1100131, 1003, 10000000001, 101);
INSERT INTO dat_sistema_seg_rol_dat_funcionalidad_dat_accion (idaccion, idfuncionalidad, idrol, idsistema) VALUES (1100132, 1003, 10000000001, 101);
INSERT INTO dat_sistema_seg_rol_dat_funcionalidad_dat_accion (idaccion, idfuncionalidad, idrol, idsistema) VALUES (1100133, 1003, 10000000001, 101);
INSERT INTO dat_sistema_seg_rol_dat_funcionalidad_dat_accion (idaccion, idfuncionalidad, idrol, idsistema) VALUES (1100134, 1003, 10000000001, 101);
INSERT INTO dat_sistema_seg_rol_dat_funcionalidad_dat_accion (idaccion, idfuncionalidad, idrol, idsistema) VALUES (1100135, 1003, 10000000001, 101);
INSERT INTO dat_sistema_seg_rol_dat_funcionalidad_dat_accion (idaccion, idfuncionalidad, idrol, idsistema) VALUES (1100136, 1003, 10000000001, 101);
INSERT INTO dat_sistema_seg_rol_dat_funcionalidad_dat_accion (idaccion, idfuncionalidad, idrol, idsistema) VALUES (1100137, 1003, 10000000001, 101);
INSERT INTO dat_sistema_seg_rol_dat_funcionalidad_dat_accion (idaccion, idfuncionalidad, idrol, idsistema) VALUES (1100138, 1003, 10000000001, 101);
INSERT INTO dat_sistema_seg_rol_dat_funcionalidad_dat_accion (idaccion, idfuncionalidad, idrol, idsistema) VALUES (1100139, 1003, 10000000001, 101);
INSERT INTO dat_sistema_seg_rol_dat_funcionalidad_dat_accion (idaccion, idfuncionalidad, idrol, idsistema) VALUES (1100140, 1003, 10000000001, 101);
INSERT INTO dat_sistema_seg_rol_dat_funcionalidad_dat_accion (idaccion, idfuncionalidad, idrol, idsistema) VALUES (1100141, 1003, 10000000001, 101);
INSERT INTO dat_sistema_seg_rol_dat_funcionalidad_dat_accion (idaccion, idfuncionalidad, idrol, idsistema) VALUES (1100142, 1003, 10000000001, 101);
INSERT INTO dat_sistema_seg_rol_dat_funcionalidad_dat_accion (idaccion, idfuncionalidad, idrol, idsistema) VALUES (1100143, 1003, 10000000001, 101);
INSERT INTO dat_sistema_seg_rol_dat_funcionalidad_dat_accion (idaccion, idfuncionalidad, idrol, idsistema) VALUES (1100144, 1003, 10000000001, 101);
INSERT INTO dat_sistema_seg_rol_dat_funcionalidad_dat_accion (idaccion, idfuncionalidad, idrol, idsistema) VALUES (1100145, 1003, 10000000001, 101);
INSERT INTO dat_sistema_seg_rol_dat_funcionalidad_dat_accion (idaccion, idfuncionalidad, idrol, idsistema) VALUES (1100146, 1003, 10000000001, 101);
INSERT INTO dat_sistema_seg_rol_dat_funcionalidad_dat_accion (idaccion, idfuncionalidad, idrol, idsistema) VALUES (1100147, 1003, 10000000001, 101);
INSERT INTO dat_sistema_seg_rol_dat_funcionalidad_dat_accion (idaccion, idfuncionalidad, idrol, idsistema) VALUES (1100148, 1003, 10000000001, 101);
INSERT INTO dat_sistema_seg_rol_dat_funcionalidad_dat_accion (idaccion, idfuncionalidad, idrol, idsistema) VALUES (1100149, 1003, 10000000001, 101);
INSERT INTO dat_sistema_seg_rol_dat_funcionalidad_dat_accion (idaccion, idfuncionalidad, idrol, idsistema) VALUES (1100150, 1003, 10000000001, 101);
INSERT INTO dat_sistema_seg_rol_dat_funcionalidad_dat_accion (idaccion, idfuncionalidad, idrol, idsistema) VALUES (1100151, 1003, 10000000001, 101);
INSERT INTO dat_sistema_seg_rol_dat_funcionalidad_dat_accion (idaccion, idfuncionalidad, idrol, idsistema) VALUES (1100152, 1003, 10000000001, 101);
INSERT INTO dat_sistema_seg_rol_dat_funcionalidad_dat_accion (idaccion, idfuncionalidad, idrol, idsistema) VALUES (1100153, 1003, 10000000001, 101);
INSERT INTO dat_sistema_seg_rol_dat_funcionalidad_dat_accion (idaccion, idfuncionalidad, idrol, idsistema) VALUES (1100154, 1003, 10000000001, 101);
INSERT INTO dat_sistema_seg_rol_dat_funcionalidad_dat_accion (idaccion, idfuncionalidad, idrol, idsistema) VALUES (1100155, 1003, 10000000001, 101);
INSERT INTO dat_sistema_seg_rol_dat_funcionalidad_dat_accion (idaccion, idfuncionalidad, idrol, idsistema) VALUES (1100156, 1003, 10000000001, 101);
INSERT INTO dat_sistema_seg_rol_dat_funcionalidad_dat_accion (idaccion, idfuncionalidad, idrol, idsistema) VALUES (1100157, 1003, 10000000001, 101);
INSERT INTO dat_sistema_seg_rol_dat_funcionalidad_dat_accion (idaccion, idfuncionalidad, idrol, idsistema) VALUES (1100158, 1003, 10000000001, 101);
INSERT INTO dat_sistema_seg_rol_dat_funcionalidad_dat_accion (idaccion, idfuncionalidad, idrol, idsistema) VALUES (1100159, 1003, 10000000001, 101);
INSERT INTO dat_sistema_seg_rol_dat_funcionalidad_dat_accion (idaccion, idfuncionalidad, idrol, idsistema) VALUES (1100160, 1003, 10000000001, 101);
INSERT INTO dat_sistema_seg_rol_dat_funcionalidad_dat_accion (idaccion, idfuncionalidad, idrol, idsistema) VALUES (1100161, 1003, 10000000001, 101);
INSERT INTO dat_sistema_seg_rol_dat_funcionalidad_dat_accion (idaccion, idfuncionalidad, idrol, idsistema) VALUES (1100162, 1003, 10000000001, 101);
INSERT INTO dat_sistema_seg_rol_dat_funcionalidad_dat_accion (idaccion, idfuncionalidad, idrol, idsistema) VALUES (1100163, 1003, 10000000001, 101);
INSERT INTO dat_sistema_seg_rol_dat_funcionalidad_dat_accion (idaccion, idfuncionalidad, idrol, idsistema) VALUES (1100164, 1003, 10000000001, 101);
INSERT INTO dat_sistema_seg_rol_dat_funcionalidad_dat_accion (idaccion, idfuncionalidad, idrol, idsistema) VALUES (1100165, 1003, 10000000001, 101);
INSERT INTO dat_sistema_seg_rol_dat_funcionalidad_dat_accion (idaccion, idfuncionalidad, idrol, idsistema) VALUES (1100166, 1003, 10000000001, 101);
INSERT INTO dat_sistema_seg_rol_dat_funcionalidad_dat_accion (idaccion, idfuncionalidad, idrol, idsistema) VALUES (1100167, 1003, 10000000001, 101);
INSERT INTO dat_sistema_seg_rol_dat_funcionalidad_dat_accion (idaccion, idfuncionalidad, idrol, idsistema) VALUES (1100168, 1003, 10000000001, 101);
INSERT INTO dat_sistema_seg_rol_dat_funcionalidad_dat_accion (idaccion, idfuncionalidad, idrol, idsistema) VALUES (1100169, 1003, 10000000001, 101);
INSERT INTO dat_sistema_seg_rol_dat_funcionalidad_dat_accion (idaccion, idfuncionalidad, idrol, idsistema) VALUES (1100170, 1003, 10000000001, 101);
INSERT INTO dat_sistema_seg_rol_dat_funcionalidad_dat_accion (idaccion, idfuncionalidad, idrol, idsistema) VALUES (1100171, 1003, 10000000001, 101);
INSERT INTO dat_sistema_seg_rol_dat_funcionalidad_dat_accion (idaccion, idfuncionalidad, idrol, idsistema) VALUES (1100172, 1003, 10000000001, 101);
INSERT INTO dat_sistema_seg_rol_dat_funcionalidad_dat_accion (idaccion, idfuncionalidad, idrol, idsistema) VALUES (1100173, 1003, 10000000001, 101);
INSERT INTO dat_sistema_seg_rol_dat_funcionalidad_dat_accion (idaccion, idfuncionalidad, idrol, idsistema) VALUES (1100174, 1003, 10000000001, 101);
INSERT INTO dat_sistema_seg_rol_dat_funcionalidad_dat_accion (idaccion, idfuncionalidad, idrol, idsistema) VALUES (1100175, 1003, 10000000001, 101);
INSERT INTO dat_sistema_seg_rol_dat_funcionalidad_dat_accion (idaccion, idfuncionalidad, idrol, idsistema) VALUES (1100176, 1003, 10000000001, 101);
INSERT INTO dat_sistema_seg_rol_dat_funcionalidad_dat_accion (idaccion, idfuncionalidad, idrol, idsistema) VALUES (1100177, 1003, 10000000001, 101);
INSERT INTO dat_sistema_seg_rol_dat_funcionalidad_dat_accion (idaccion, idfuncionalidad, idrol, idsistema) VALUES (1100178, 1003, 10000000001, 101);
INSERT INTO dat_sistema_seg_rol_dat_funcionalidad_dat_accion (idaccion, idfuncionalidad, idrol, idsistema) VALUES (1100179, 1003, 10000000001, 101);
INSERT INTO dat_sistema_seg_rol_dat_funcionalidad_dat_accion (idaccion, idfuncionalidad, idrol, idsistema) VALUES (1100180, 1003, 10000000001, 101);
INSERT INTO dat_sistema_seg_rol_dat_funcionalidad_dat_accion (idaccion, idfuncionalidad, idrol, idsistema) VALUES (1100181, 1003, 10000000001, 101);
INSERT INTO dat_sistema_seg_rol_dat_funcionalidad_dat_accion (idaccion, idfuncionalidad, idrol, idsistema) VALUES (1100182, 1003, 10000000001, 101);
INSERT INTO dat_sistema_seg_rol_dat_funcionalidad_dat_accion (idaccion, idfuncionalidad, idrol, idsistema) VALUES (1100183, 1003, 10000000001, 101);
INSERT INTO dat_sistema_seg_rol_dat_funcionalidad_dat_accion (idaccion, idfuncionalidad, idrol, idsistema) VALUES (1100184, 1003, 10000000001, 101);
INSERT INTO dat_sistema_seg_rol_dat_funcionalidad_dat_accion (idaccion, idfuncionalidad, idrol, idsistema) VALUES (1100185, 1003, 10000000001, 101);
INSERT INTO dat_sistema_seg_rol_dat_funcionalidad_dat_accion (idaccion, idfuncionalidad, idrol, idsistema) VALUES (1100186, 1003, 10000000001, 101);
INSERT INTO dat_sistema_seg_rol_dat_funcionalidad_dat_accion (idaccion, idfuncionalidad, idrol, idsistema) VALUES (1100187, 1003, 10000000001, 101);
INSERT INTO dat_sistema_seg_rol_dat_funcionalidad_dat_accion (idaccion, idfuncionalidad, idrol, idsistema) VALUES (1100188, 1003, 10000000001, 101);
INSERT INTO dat_sistema_seg_rol_dat_funcionalidad_dat_accion (idaccion, idfuncionalidad, idrol, idsistema) VALUES (1100189, 1003, 10000000001, 101);
INSERT INTO dat_sistema_seg_rol_dat_funcionalidad_dat_accion (idaccion, idfuncionalidad, idrol, idsistema) VALUES (1100190, 1003, 10000000001, 101);
INSERT INTO dat_sistema_seg_rol_dat_funcionalidad_dat_accion (idaccion, idfuncionalidad, idrol, idsistema) VALUES (1100210, 1003, 10000000001, 101);
INSERT INTO dat_sistema_seg_rol_dat_funcionalidad_dat_accion (idaccion, idfuncionalidad, idrol, idsistema) VALUES (1100083, 1004, 10000000001, 101);
INSERT INTO dat_sistema_seg_rol_dat_funcionalidad_dat_accion (idaccion, idfuncionalidad, idrol, idsistema) VALUES (1100084, 1004, 10000000001, 101);
INSERT INTO dat_sistema_seg_rol_dat_funcionalidad_dat_accion (idaccion, idfuncionalidad, idrol, idsistema) VALUES (1100085, 1004, 10000000001, 101);
INSERT INTO dat_sistema_seg_rol_dat_funcionalidad_dat_accion (idaccion, idfuncionalidad, idrol, idsistema) VALUES (1100086, 1004, 10000000001, 101);
INSERT INTO dat_sistema_seg_rol_dat_funcionalidad_dat_accion (idaccion, idfuncionalidad, idrol, idsistema) VALUES (1100087, 1004, 10000000001, 101);
INSERT INTO dat_sistema_seg_rol_dat_funcionalidad_dat_accion (idaccion, idfuncionalidad, idrol, idsistema) VALUES (1100088, 1004, 10000000001, 101);
INSERT INTO dat_sistema_seg_rol_dat_funcionalidad_dat_accion (idaccion, idfuncionalidad, idrol, idsistema) VALUES (1100089, 1004, 10000000001, 101);
INSERT INTO dat_sistema_seg_rol_dat_funcionalidad_dat_accion (idaccion, idfuncionalidad, idrol, idsistema) VALUES (1100090, 1004, 10000000001, 101);
INSERT INTO dat_sistema_seg_rol_dat_funcionalidad_dat_accion (idaccion, idfuncionalidad, idrol, idsistema) VALUES (1100091, 1004, 10000000001, 101);
INSERT INTO dat_sistema_seg_rol_dat_funcionalidad_dat_accion (idaccion, idfuncionalidad, idrol, idsistema) VALUES (1100092, 1004, 10000000001, 101);
INSERT INTO dat_sistema_seg_rol_dat_funcionalidad_dat_accion (idaccion, idfuncionalidad, idrol, idsistema) VALUES (1001, 1005, 10000000001, 101);
INSERT INTO dat_sistema_seg_rol_dat_funcionalidad_dat_accion (idaccion, idfuncionalidad, idrol, idsistema) VALUES (1100191, 1005, 10000000001, 101);
INSERT INTO dat_sistema_seg_rol_dat_funcionalidad_dat_accion (idaccion, idfuncionalidad, idrol, idsistema) VALUES (1100192, 1005, 10000000001, 101);
INSERT INTO dat_sistema_seg_rol_dat_funcionalidad_dat_accion (idaccion, idfuncionalidad, idrol, idsistema) VALUES (1100193, 1005, 10000000001, 101);
INSERT INTO dat_sistema_seg_rol_dat_funcionalidad_dat_accion (idaccion, idfuncionalidad, idrol, idsistema) VALUES (1100194, 1005, 10000000001, 101);
INSERT INTO dat_sistema_seg_rol_dat_funcionalidad_dat_accion (idaccion, idfuncionalidad, idrol, idsistema) VALUES (1100195, 1005, 10000000001, 101);
INSERT INTO dat_sistema_seg_rol_dat_funcionalidad_dat_accion (idaccion, idfuncionalidad, idrol, idsistema) VALUES (1100196, 1005, 10000000001, 101);
INSERT INTO dat_sistema_seg_rol_dat_funcionalidad_dat_accion (idaccion, idfuncionalidad, idrol, idsistema) VALUES (1100197, 1005, 10000000001, 101);
INSERT INTO dat_sistema_seg_rol_dat_funcionalidad_dat_accion (idaccion, idfuncionalidad, idrol, idsistema) VALUES (1100198, 1005, 10000000001, 101);
INSERT INTO dat_sistema_seg_rol_dat_funcionalidad_dat_accion (idaccion, idfuncionalidad, idrol, idsistema) VALUES (1100199, 1005, 10000000001, 101);
INSERT INTO dat_sistema_seg_rol_dat_funcionalidad_dat_accion (idaccion, idfuncionalidad, idrol, idsistema) VALUES (1100200, 1005, 10000000001, 101);
INSERT INTO dat_sistema_seg_rol_dat_funcionalidad_dat_accion (idaccion, idfuncionalidad, idrol, idsistema) VALUES (1100201, 1005, 10000000001, 101);
INSERT INTO dat_sistema_seg_rol_dat_funcionalidad_dat_accion (idaccion, idfuncionalidad, idrol, idsistema) VALUES (1100202, 1005, 10000000001, 101);
INSERT INTO dat_sistema_seg_rol_dat_funcionalidad_dat_accion (idaccion, idfuncionalidad, idrol, idsistema) VALUES (1100203, 1005, 10000000001, 101);
INSERT INTO dat_sistema_seg_rol_dat_funcionalidad_dat_accion (idaccion, idfuncionalidad, idrol, idsistema) VALUES (1100204, 1005, 10000000001, 101);
INSERT INTO dat_sistema_seg_rol_dat_funcionalidad_dat_accion (idaccion, idfuncionalidad, idrol, idsistema) VALUES (1100205, 1005, 10000000001, 101);
INSERT INTO dat_sistema_seg_rol_dat_funcionalidad_dat_accion (idaccion, idfuncionalidad, idrol, idsistema) VALUES (1100206, 1005, 10000000001, 101);
INSERT INTO dat_sistema_seg_rol_dat_funcionalidad_dat_accion (idaccion, idfuncionalidad, idrol, idsistema) VALUES (1100207, 1005, 10000000001, 101);
INSERT INTO dat_sistema_seg_rol_dat_funcionalidad_dat_accion (idaccion, idfuncionalidad, idrol, idsistema) VALUES (1100208, 1005, 10000000001, 101);
INSERT INTO dat_sistema_seg_rol_dat_funcionalidad_dat_accion (idaccion, idfuncionalidad, idrol, idsistema) VALUES (1100209, 1005, 10000000001, 101);
INSERT INTO dat_sistema_seg_rol_dat_funcionalidad_dat_accion (idaccion, idfuncionalidad, idrol, idsistema) VALUES (1100211, 1005, 10000000001, 101);
INSERT INTO dat_sistema_seg_rol_dat_funcionalidad_dat_accion (idaccion, idfuncionalidad, idrol, idsistema) VALUES (1100212, 1005, 10000000001, 101);

INSERT INTO dat_sistema_compartimentacion (idsistema, iddominio) VALUES (101, 1);

INSERT INTO dat_funcionalidad_compartimentacion (idfuncionalidad, iddominio) VALUES (1001, 1);
INSERT INTO dat_funcionalidad_compartimentacion (idfuncionalidad, iddominio) VALUES (1002, 1);
INSERT INTO dat_funcionalidad_compartimentacion (idfuncionalidad, iddominio) VALUES (1003, 1);
INSERT INTO dat_funcionalidad_compartimentacion (idfuncionalidad, iddominio) VALUES (1004, 1);
INSERT INTO dat_funcionalidad_compartimentacion (idfuncionalidad, iddominio) VALUES (1005, 1);

INSERT INTO dat_accion_compartimentacion (idaccion, iddominio) VALUES (1001, 1);
INSERT INTO dat_accion_compartimentacion(idaccion, iddominio) VALUES (1100003, 1);
INSERT INTO dat_accion_compartimentacion(idaccion, iddominio) VALUES (1100004, 1);
INSERT INTO dat_accion_compartimentacion(idaccion, iddominio) VALUES (1100005, 1);
INSERT INTO dat_accion_compartimentacion(idaccion, iddominio) VALUES (1100006, 1);
INSERT INTO dat_accion_compartimentacion(idaccion, iddominio) VALUES (1100007, 1);
INSERT INTO dat_accion_compartimentacion(idaccion, iddominio) VALUES (1100008, 1);
INSERT INTO dat_accion_compartimentacion(idaccion, iddominio) VALUES (1100009, 1);
INSERT INTO dat_accion_compartimentacion(idaccion, iddominio) VALUES (1100010, 1);
INSERT INTO dat_accion_compartimentacion(idaccion, iddominio) VALUES (1100011, 1);
INSERT INTO dat_accion_compartimentacion(idaccion, iddominio) VALUES (1100012, 1);
INSERT INTO dat_accion_compartimentacion(idaccion, iddominio) VALUES (1100013, 1);
INSERT INTO dat_accion_compartimentacion(idaccion, iddominio) VALUES (1100014, 1);
INSERT INTO dat_accion_compartimentacion(idaccion, iddominio) VALUES (1100015, 1);
INSERT INTO dat_accion_compartimentacion(idaccion, iddominio) VALUES (1100016, 1);
INSERT INTO dat_accion_compartimentacion(idaccion, iddominio) VALUES (1100017, 1);
INSERT INTO dat_accion_compartimentacion(idaccion, iddominio) VALUES (1100018, 1);
INSERT INTO dat_accion_compartimentacion(idaccion, iddominio) VALUES (1100019, 1);
INSERT INTO dat_accion_compartimentacion(idaccion, iddominio) VALUES (1100020, 1);
INSERT INTO dat_accion_compartimentacion(idaccion, iddominio) VALUES (1100021, 1);
INSERT INTO dat_accion_compartimentacion(idaccion, iddominio) VALUES (1100022, 1);
INSERT INTO dat_accion_compartimentacion(idaccion, iddominio) VALUES (1100023, 1);
INSERT INTO dat_accion_compartimentacion(idaccion, iddominio) VALUES (1100024, 1);
INSERT INTO dat_accion_compartimentacion(idaccion, iddominio) VALUES (1100025, 1);
INSERT INTO dat_accion_compartimentacion(idaccion, iddominio) VALUES (1100026, 1);
INSERT INTO dat_accion_compartimentacion(idaccion, iddominio) VALUES (1100027, 1);
INSERT INTO dat_accion_compartimentacion(idaccion, iddominio) VALUES (1100028, 1);
INSERT INTO dat_accion_compartimentacion(idaccion, iddominio) VALUES (1100029, 1);
INSERT INTO dat_accion_compartimentacion(idaccion, iddominio) VALUES (1100030, 1);
INSERT INTO dat_accion_compartimentacion(idaccion, iddominio) VALUES (1100031, 1);
INSERT INTO dat_accion_compartimentacion(idaccion, iddominio) VALUES (1100032, 1);
INSERT INTO dat_accion_compartimentacion(idaccion, iddominio) VALUES (1100033, 1);
INSERT INTO dat_accion_compartimentacion(idaccion, iddominio) VALUES (1100034, 1);
INSERT INTO dat_accion_compartimentacion(idaccion, iddominio) VALUES (1100035, 1);
INSERT INTO dat_accion_compartimentacion(idaccion, iddominio) VALUES (1100036, 1);
INSERT INTO dat_accion_compartimentacion(idaccion, iddominio) VALUES (1100037, 1);
INSERT INTO dat_accion_compartimentacion(idaccion, iddominio) VALUES (1100038, 1);
INSERT INTO dat_accion_compartimentacion(idaccion, iddominio) VALUES (1100039, 1);
INSERT INTO dat_accion_compartimentacion(idaccion, iddominio) VALUES (1100040, 1);
INSERT INTO dat_accion_compartimentacion(idaccion, iddominio) VALUES (1100041, 1);
INSERT INTO dat_accion_compartimentacion(idaccion, iddominio) VALUES (1100042, 1);
INSERT INTO dat_accion_compartimentacion(idaccion, iddominio) VALUES (1100043, 1);
INSERT INTO dat_accion_compartimentacion(idaccion, iddominio) VALUES (1100044, 1);
INSERT INTO dat_accion_compartimentacion(idaccion, iddominio) VALUES (1100045, 1);
INSERT INTO dat_accion_compartimentacion(idaccion, iddominio) VALUES (1100046, 1);
INSERT INTO dat_accion_compartimentacion(idaccion, iddominio) VALUES (1100047, 1);
INSERT INTO dat_accion_compartimentacion(idaccion, iddominio) VALUES (1100048, 1);
INSERT INTO dat_accion_compartimentacion(idaccion, iddominio) VALUES (1100049, 1);
INSERT INTO dat_accion_compartimentacion(idaccion, iddominio) VALUES (1100050, 1);
INSERT INTO dat_accion_compartimentacion(idaccion, iddominio) VALUES (1100051, 1);
INSERT INTO dat_accion_compartimentacion(idaccion, iddominio) VALUES (1100052, 1);
INSERT INTO dat_accion_compartimentacion(idaccion, iddominio) VALUES (1100053, 1);
INSERT INTO dat_accion_compartimentacion(idaccion, iddominio) VALUES (1100054, 1);
INSERT INTO dat_accion_compartimentacion(idaccion, iddominio) VALUES (1100055, 1);
INSERT INTO dat_accion_compartimentacion(idaccion, iddominio) VALUES (1100056, 1);
INSERT INTO dat_accion_compartimentacion(idaccion, iddominio) VALUES (1100057, 1);
INSERT INTO dat_accion_compartimentacion(idaccion, iddominio) VALUES (1100058, 1);
INSERT INTO dat_accion_compartimentacion(idaccion, iddominio) VALUES (1100059, 1);
INSERT INTO dat_accion_compartimentacion(idaccion, iddominio) VALUES (1100060, 1);
INSERT INTO dat_accion_compartimentacion(idaccion, iddominio) VALUES (1100061, 1);
INSERT INTO dat_accion_compartimentacion(idaccion, iddominio) VALUES (1100062, 1);
INSERT INTO dat_accion_compartimentacion(idaccion, iddominio) VALUES (1100063, 1);
INSERT INTO dat_accion_compartimentacion(idaccion, iddominio) VALUES (1100064, 1);
INSERT INTO dat_accion_compartimentacion(idaccion, iddominio) VALUES (1100065, 1);
INSERT INTO dat_accion_compartimentacion(idaccion, iddominio) VALUES (1100066, 1);
INSERT INTO dat_accion_compartimentacion(idaccion, iddominio) VALUES (1100067, 1);
INSERT INTO dat_accion_compartimentacion(idaccion, iddominio) VALUES (1100068, 1);
INSERT INTO dat_accion_compartimentacion(idaccion, iddominio) VALUES (1100069, 1);
INSERT INTO dat_accion_compartimentacion(idaccion, iddominio) VALUES (1100070, 1);
INSERT INTO dat_accion_compartimentacion(idaccion, iddominio) VALUES (1100071, 1);
INSERT INTO dat_accion_compartimentacion(idaccion, iddominio) VALUES (1100072, 1);
INSERT INTO dat_accion_compartimentacion(idaccion, iddominio) VALUES (1100073, 1);
INSERT INTO dat_accion_compartimentacion(idaccion, iddominio) VALUES (1100074, 1);
INSERT INTO dat_accion_compartimentacion(idaccion, iddominio) VALUES (1100075, 1);
INSERT INTO dat_accion_compartimentacion(idaccion, iddominio) VALUES (1100076, 1);
INSERT INTO dat_accion_compartimentacion(idaccion, iddominio) VALUES (1100077, 1);
INSERT INTO dat_accion_compartimentacion(idaccion, iddominio) VALUES (1100078, 1);
INSERT INTO dat_accion_compartimentacion(idaccion, iddominio) VALUES (1100079, 1);
INSERT INTO dat_accion_compartimentacion(idaccion, iddominio) VALUES (1100080, 1);
INSERT INTO dat_accion_compartimentacion(idaccion, iddominio) VALUES (1100081, 1);
INSERT INTO dat_accion_compartimentacion(idaccion, iddominio) VALUES (1100082, 1);
INSERT INTO dat_accion_compartimentacion(idaccion, iddominio) VALUES (1100083, 1);
INSERT INTO dat_accion_compartimentacion(idaccion, iddominio) VALUES (1100084, 1);
INSERT INTO dat_accion_compartimentacion(idaccion, iddominio) VALUES (1100085, 1);
INSERT INTO dat_accion_compartimentacion(idaccion, iddominio) VALUES (1100086, 1);
INSERT INTO dat_accion_compartimentacion(idaccion, iddominio) VALUES (1100087, 1);
INSERT INTO dat_accion_compartimentacion(idaccion, iddominio) VALUES (1100088, 1);
INSERT INTO dat_accion_compartimentacion(idaccion, iddominio) VALUES (1100089, 1);
INSERT INTO dat_accion_compartimentacion(idaccion, iddominio) VALUES (1100090, 1);
INSERT INTO dat_accion_compartimentacion(idaccion, iddominio) VALUES (1100091, 1);
INSERT INTO dat_accion_compartimentacion(idaccion, iddominio) VALUES (1100092, 1);
INSERT INTO dat_accion_compartimentacion(idaccion, iddominio) VALUES (1100093, 1);
INSERT INTO dat_accion_compartimentacion(idaccion, iddominio) VALUES (1100094, 1);
INSERT INTO dat_accion_compartimentacion(idaccion, iddominio) VALUES (1100095, 1);
INSERT INTO dat_accion_compartimentacion(idaccion, iddominio) VALUES (1100096, 1);
INSERT INTO dat_accion_compartimentacion(idaccion, iddominio) VALUES (1100097, 1);
INSERT INTO dat_accion_compartimentacion(idaccion, iddominio) VALUES (1100098, 1);
INSERT INTO dat_accion_compartimentacion(idaccion, iddominio) VALUES (1100099, 1);
INSERT INTO dat_accion_compartimentacion(idaccion, iddominio) VALUES (1100100, 1);
INSERT INTO dat_accion_compartimentacion(idaccion, iddominio) VALUES (1100101, 1);
INSERT INTO dat_accion_compartimentacion(idaccion, iddominio) VALUES (1100102, 1);
INSERT INTO dat_accion_compartimentacion(idaccion, iddominio) VALUES (1100103, 1);
INSERT INTO dat_accion_compartimentacion(idaccion, iddominio) VALUES (1100104, 1);
INSERT INTO dat_accion_compartimentacion(idaccion, iddominio) VALUES (1100105, 1);
INSERT INTO dat_accion_compartimentacion(idaccion, iddominio) VALUES (1100106, 1);
INSERT INTO dat_accion_compartimentacion(idaccion, iddominio) VALUES (1100107, 1);
INSERT INTO dat_accion_compartimentacion(idaccion, iddominio) VALUES (1100108, 1);
INSERT INTO dat_accion_compartimentacion(idaccion, iddominio) VALUES (1100109, 1);
INSERT INTO dat_accion_compartimentacion(idaccion, iddominio) VALUES (1100110, 1);
INSERT INTO dat_accion_compartimentacion(idaccion, iddominio) VALUES (1100111, 1);
INSERT INTO dat_accion_compartimentacion(idaccion, iddominio) VALUES (1100112, 1);
INSERT INTO dat_accion_compartimentacion(idaccion, iddominio) VALUES (1100113, 1);
INSERT INTO dat_accion_compartimentacion(idaccion, iddominio) VALUES (1100114, 1);
INSERT INTO dat_accion_compartimentacion(idaccion, iddominio) VALUES (1100115, 1);
INSERT INTO dat_accion_compartimentacion(idaccion, iddominio) VALUES (1100116, 1);
INSERT INTO dat_accion_compartimentacion(idaccion, iddominio) VALUES (1100117, 1);
INSERT INTO dat_accion_compartimentacion(idaccion, iddominio) VALUES (1100118, 1);
INSERT INTO dat_accion_compartimentacion(idaccion, iddominio) VALUES (1100119, 1);
INSERT INTO dat_accion_compartimentacion(idaccion, iddominio) VALUES (1100120, 1);
INSERT INTO dat_accion_compartimentacion(idaccion, iddominio) VALUES (1100121, 1);
INSERT INTO dat_accion_compartimentacion(idaccion, iddominio) VALUES (1100122, 1);
INSERT INTO dat_accion_compartimentacion(idaccion, iddominio) VALUES (1100123, 1);
INSERT INTO dat_accion_compartimentacion(idaccion, iddominio) VALUES (1100124, 1);
INSERT INTO dat_accion_compartimentacion(idaccion, iddominio) VALUES (1100125, 1);
INSERT INTO dat_accion_compartimentacion(idaccion, iddominio) VALUES (1100126, 1);
INSERT INTO dat_accion_compartimentacion(idaccion, iddominio) VALUES (1100127, 1);
INSERT INTO dat_accion_compartimentacion(idaccion, iddominio) VALUES (1100128, 1);
INSERT INTO dat_accion_compartimentacion(idaccion, iddominio) VALUES (1100129, 1);
INSERT INTO dat_accion_compartimentacion(idaccion, iddominio) VALUES (1100130, 1);
INSERT INTO dat_accion_compartimentacion(idaccion, iddominio) VALUES (1100131, 1);
INSERT INTO dat_accion_compartimentacion(idaccion, iddominio) VALUES (1100132, 1);
INSERT INTO dat_accion_compartimentacion(idaccion, iddominio) VALUES (1100133, 1);
INSERT INTO dat_accion_compartimentacion(idaccion, iddominio) VALUES (1100134, 1);
INSERT INTO dat_accion_compartimentacion(idaccion, iddominio) VALUES (1100135, 1);
INSERT INTO dat_accion_compartimentacion(idaccion, iddominio) VALUES (1100136, 1);
INSERT INTO dat_accion_compartimentacion(idaccion, iddominio) VALUES (1100137, 1);
INSERT INTO dat_accion_compartimentacion(idaccion, iddominio) VALUES (1100138, 1);
INSERT INTO dat_accion_compartimentacion(idaccion, iddominio) VALUES (1100139, 1);
INSERT INTO dat_accion_compartimentacion(idaccion, iddominio) VALUES (1100140, 1);
INSERT INTO dat_accion_compartimentacion(idaccion, iddominio) VALUES (1100141, 1);
INSERT INTO dat_accion_compartimentacion(idaccion, iddominio) VALUES (1100142, 1);
INSERT INTO dat_accion_compartimentacion(idaccion, iddominio) VALUES (1100143, 1);
INSERT INTO dat_accion_compartimentacion(idaccion, iddominio) VALUES (1100144, 1);
INSERT INTO dat_accion_compartimentacion(idaccion, iddominio) VALUES (1100145, 1);
INSERT INTO dat_accion_compartimentacion(idaccion, iddominio) VALUES (1100146, 1);
INSERT INTO dat_accion_compartimentacion(idaccion, iddominio) VALUES (1100147, 1);
INSERT INTO dat_accion_compartimentacion(idaccion, iddominio) VALUES (1100148, 1);
INSERT INTO dat_accion_compartimentacion(idaccion, iddominio) VALUES (1100149, 1);
INSERT INTO dat_accion_compartimentacion(idaccion, iddominio) VALUES (1100150, 1);
INSERT INTO dat_accion_compartimentacion(idaccion, iddominio) VALUES (1100151, 1);
INSERT INTO dat_accion_compartimentacion(idaccion, iddominio) VALUES (1100152, 1);
INSERT INTO dat_accion_compartimentacion(idaccion, iddominio) VALUES (1100153, 1);
INSERT INTO dat_accion_compartimentacion(idaccion, iddominio) VALUES (1100154, 1);
INSERT INTO dat_accion_compartimentacion(idaccion, iddominio) VALUES (1100155, 1);
INSERT INTO dat_accion_compartimentacion(idaccion, iddominio) VALUES (1100156, 1);
INSERT INTO dat_accion_compartimentacion(idaccion, iddominio) VALUES (1100157, 1);
INSERT INTO dat_accion_compartimentacion(idaccion, iddominio) VALUES (1100158, 1);
INSERT INTO dat_accion_compartimentacion(idaccion, iddominio) VALUES (1100159, 1);
INSERT INTO dat_accion_compartimentacion(idaccion, iddominio) VALUES (1100160, 1);
INSERT INTO dat_accion_compartimentacion(idaccion, iddominio) VALUES (1100161, 1);
INSERT INTO dat_accion_compartimentacion(idaccion, iddominio) VALUES (1100162, 1);
INSERT INTO dat_accion_compartimentacion(idaccion, iddominio) VALUES (1100163, 1);
INSERT INTO dat_accion_compartimentacion(idaccion, iddominio) VALUES (1100164, 1);
INSERT INTO dat_accion_compartimentacion(idaccion, iddominio) VALUES (1100165, 1);
INSERT INTO dat_accion_compartimentacion(idaccion, iddominio) VALUES (1100166, 1);
INSERT INTO dat_accion_compartimentacion(idaccion, iddominio) VALUES (1100167, 1);
INSERT INTO dat_accion_compartimentacion(idaccion, iddominio) VALUES (1100168, 1);
INSERT INTO dat_accion_compartimentacion(idaccion, iddominio) VALUES (1100169, 1);
INSERT INTO dat_accion_compartimentacion(idaccion, iddominio) VALUES (1100170, 1);
INSERT INTO dat_accion_compartimentacion(idaccion, iddominio) VALUES (1100171, 1);
INSERT INTO dat_accion_compartimentacion(idaccion, iddominio) VALUES (1100172, 1);
INSERT INTO dat_accion_compartimentacion(idaccion, iddominio) VALUES (1100173, 1);
INSERT INTO dat_accion_compartimentacion(idaccion, iddominio) VALUES (1100174, 1);
INSERT INTO dat_accion_compartimentacion(idaccion, iddominio) VALUES (1100175, 1);
INSERT INTO dat_accion_compartimentacion(idaccion, iddominio) VALUES (1100176, 1);
INSERT INTO dat_accion_compartimentacion(idaccion, iddominio) VALUES (1100177, 1);
INSERT INTO dat_accion_compartimentacion(idaccion, iddominio) VALUES (1100178, 1);
INSERT INTO dat_accion_compartimentacion(idaccion, iddominio) VALUES (1100179, 1);
INSERT INTO dat_accion_compartimentacion(idaccion, iddominio) VALUES (1100180, 1);
INSERT INTO dat_accion_compartimentacion(idaccion, iddominio) VALUES (1100181, 1);
INSERT INTO dat_accion_compartimentacion(idaccion, iddominio) VALUES (1100182, 1);
INSERT INTO dat_accion_compartimentacion(idaccion, iddominio) VALUES (1100183, 1);
INSERT INTO dat_accion_compartimentacion(idaccion, iddominio) VALUES (1100184, 1);
INSERT INTO dat_accion_compartimentacion(idaccion, iddominio) VALUES (1100185, 1);
INSERT INTO dat_accion_compartimentacion(idaccion, iddominio) VALUES (1100186, 1);
INSERT INTO dat_accion_compartimentacion(idaccion, iddominio) VALUES (1100187, 1);
INSERT INTO dat_accion_compartimentacion(idaccion, iddominio) VALUES (1100188, 1);
INSERT INTO dat_accion_compartimentacion(idaccion, iddominio) VALUES (1100189, 1);
INSERT INTO dat_accion_compartimentacion(idaccion, iddominio) VALUES (1100190, 1);
INSERT INTO dat_accion_compartimentacion(idaccion, iddominio) VALUES (1100191, 1);
INSERT INTO dat_accion_compartimentacion(idaccion, iddominio) VALUES (1100192, 1);
INSERT INTO dat_accion_compartimentacion(idaccion, iddominio) VALUES (1100193, 1);
INSERT INTO dat_accion_compartimentacion(idaccion, iddominio) VALUES (1100194, 1);
INSERT INTO dat_accion_compartimentacion(idaccion, iddominio) VALUES (1100195, 1);
INSERT INTO dat_accion_compartimentacion(idaccion, iddominio) VALUES (1100196, 1);
INSERT INTO dat_accion_compartimentacion(idaccion, iddominio) VALUES (1100197, 1);
INSERT INTO dat_accion_compartimentacion(idaccion, iddominio) VALUES (1100198, 1);
INSERT INTO dat_accion_compartimentacion(idaccion, iddominio) VALUES (1100199, 1);
INSERT INTO dat_accion_compartimentacion(idaccion, iddominio) VALUES (1100200, 1);
INSERT INTO dat_accion_compartimentacion(idaccion, iddominio) VALUES (1100201, 1);
INSERT INTO dat_accion_compartimentacion(idaccion, iddominio) VALUES (1100202, 1);
INSERT INTO dat_accion_compartimentacion(idaccion, iddominio) VALUES (1100203, 1);
INSERT INTO dat_accion_compartimentacion(idaccion, iddominio) VALUES (1100204, 1);
INSERT INTO dat_accion_compartimentacion(idaccion, iddominio) VALUES (1100205, 1);
INSERT INTO dat_accion_compartimentacion(idaccion, iddominio) VALUES (1100206, 1);
INSERT INTO dat_accion_compartimentacion(idaccion, iddominio) VALUES (1100207, 1);
INSERT INTO dat_accion_compartimentacion(idaccion, iddominio) VALUES (1100208, 1);
INSERT INTO dat_accion_compartimentacion(idaccion, iddominio) VALUES (1100209, 1);
INSERT INTO dat_accion_compartimentacion(idaccion, iddominio) VALUES (1100210, 1);
INSERT INTO dat_accion_compartimentacion(idaccion, iddominio) VALUES (1100211, 1);
INSERT INTO dat_accion_compartimentacion(idaccion, iddominio) VALUES (1100212, 1);

INSERT INTO dat_accion_dat_reporte (idreporte, idaccion, denominacion) VALUES (956, 1001, 'EyC-Relación de la localización de las entidades por nivel estructural');
INSERT INTO dat_accion_dat_reporte (idreporte, idaccion, denominacion) VALUES (952, 1001, 'EyC-Relación de localización de las unidades por Entidades');
INSERT INTO dat_accion_dat_reporte (idreporte, idaccion, denominacion) VALUES (960, 1001, 'EyC-Resumen de entidades por agrupación según su clasificación');
INSERT INTO dat_accion_dat_reporte (idreporte, idaccion, denominacion) VALUES (1229,1001, 'EyC-Relación de Niveles 1 según su clasificación');
INSERT INTO dat_accion_dat_reporte (idreporte, idaccion, denominacion) VALUES (954, 1001, 'EyC-Relación de registros de las entidades por agrupación');
INSERT INTO dat_accion_dat_reporte (idreporte, idaccion, denominacion) VALUES (938, 1001, 'EyC-Cantidad de Entidades y Unidades por Agrupación de un Nivel 1');
INSERT INTO dat_accion_dat_reporte (idreporte, idaccion, denominacion) VALUES (947, 1001, 'EyC-Relación de Entidades por Agrupación');
INSERT INTO dat_accion_dat_reporte (idreporte, idaccion, denominacion) VALUES (941, 1001, 'EyC-Plantilla de cargos');
INSERT INTO dat_accion_dat_reporte (idreporte, idaccion, denominacion) VALUES (943, 1001, 'EyC-Resumen de cargos por Áreas y categoría ocupacional');
INSERT INTO dat_accion_dat_reporte (idreporte, idaccion, denominacion) VALUES (957, 1001, 'EyC-Resumen de categoría de las entidades por agrupaciones');
INSERT INTO dat_accion_dat_reporte (idreporte, idaccion, denominacion) VALUES (936, 1001, 'EyC-Calificador de cargos técnicos comunes');


----------------------------------------
--fin de la transaccion
COMMIT;
